norm,self_loop,sw,steps,gamma,size_norm,acc,nmi,ari,f1
sym,True,0.25,1,0.2,False,0.6103950103950104,0.5973189102493236,0.44335780711964223,0.5368403170250476
sym,True,0.25,1,0.2,True,0.6103950103950104,0.5973189102493236,0.44335780711964223,0.5368403170250476
sym,True,0.25,1,0.5,False,0.6103950103950104,0.5973189102493236,0.44335780711964223,0.5368403170250476
sym,True,0.25,1,0.5,True,0.6103950103950104,0.5973189102493236,0.44335780711964223,0.5368403170250476
sym,True,0.25,1,0.8,False,0.6103950103950104,0.5973189102493236,0.44335780711964223,0.5368403170250476
sym,True,0.25,1,0.8,True,0.6103950103950104,0.5973189102493236,0.44335780711964223,0.5368403170250476
sym,True,0.25,1,1.0,False,0.6112266112266113,0.5978189802357486,0.4441776214542048,0.5373174333882583
sym,True,0.25,1,1.0,True,0.6112266112266113,0.5981791539648204,0.4442905419000783,0.5373732914445495
sym,True,0.25,1,1.2,False,0.6128898128898129,0.598661638851987,0.4460422625731319,0.5382412684993918
sym,True,0.25,1,1.2,True,0.6128898128898129,0.5992023167361304,0.44562967665899056,0.5385975906073607
sym,True,0.25,1,1.5,False,0.6141372141372141,0.599013086389455,0.4471589271197435,0.5386821955422186
sym,True,0.25,1,1.5,True,0.6124740124740125,0.5969614056921309,0.4444962809993822,0.5377118088946735
sym,True,0.25,1,2.0,False,0.6162162162162163,0.6010184372532176,0.450448279581062,0.538945476406419
sym,True,0.25,1,2.0,True,0.6120582120582121,0.596382322447553,0.44440765010639416,0.5366222124492336
sym,True,0.25,2,0.2,False,0.6103950103950104,0.5973189102493236,0.44335780711964223,0.5368403170250476
sym,True,0.25,2,0.2,True,0.6103950103950104,0.5973189102493236,0.44335780711964223,0.5368403170250476
sym,True,0.25,2,0.5,False,0.6103950103950104,0.5973189102493236,0.44335780711964223,0.5368403170250476
sym,True,0.25,2,0.5,True,0.6103950103950104,0.5973189102493236,0.44335780711964223,0.5368403170250476
sym,True,0.25,2,0.8,False,0.6128898128898129,0.5993307997343348,0.4461914632813103,0.5382802818456549
sym,True,0.25,2,0.8,True,0.6120582120582121,0.598398303864377,0.44472548281809793,0.5381058819060552
sym,True,0.25,2,1.0,False,0.614968814968815,0.6010055345117146,0.44870480197001966,0.5394763468799035
sym,True,0.25,2,1.0,True,0.6124740124740125,0.5985859303155523,0.44536920404416624,0.5379339525372979
sym,True,0.25,2,1.2,False,0.6162162162162163,0.6003755990731627,0.45003385437201116,0.5398505995145504
sym,True,0.25,2,1.2,True,0.6137214137214138,0.598556993261075,0.4469819788191973,0.5379672091779013
sym,True,0.25,2,1.5,False,0.6182952182952183,0.6027569531999302,0.4525982170185968,0.539708544266454
sym,True,0.25,2,1.5,True,0.6145530145530146,0.5981026419720049,0.44799031996058486,0.5380935648148912
sym,True,0.25,2,2.0,False,0.6182952182952183,0.5968796759991319,0.45042467293404076,0.5384363447949947
sym,True,0.25,2,2.0,True,0.6158004158004158,0.5956201441893643,0.447204355820571,0.5384177785830158
sym,True,0.25,3,0.2,False,0.6103950103950104,0.5973189102493236,0.44335780711964223,0.5368403170250476
sym,True,0.25,3,0.2,True,0.6103950103950104,0.5973189102493236,0.44335780711964223,0.5368403170250476
sym,True,0.25,3,0.5,False,0.6103950103950104,0.5973189102493236,0.44335780711964223,0.5368403170250476
sym,True,0.25,3,0.5,True,0.6103950103950104,0.5973189102493236,0.44335780711964223,0.5368403170250476
sym,True,0.25,3,0.8,False,0.6145530145530146,0.600696351962978,0.4482104680549806,0.5392935984392083
sym,True,0.25,3,0.8,True,0.6124740124740125,0.5985859303155523,0.44536920404416624,0.5379339525372979
sym,True,0.25,3,1.0,False,0.6170478170478171,0.6019316981040527,0.45153711663881324,0.5393613418159499
sym,True,0.25,3,1.0,True,0.6141372141372141,0.5990053843560105,0.4475747447271293,0.5381830717038063
sym,True,0.25,3,1.2,False,0.6182952182952183,0.6005327229122535,0.45182349400650595,0.539148107350202
sym,True,0.25,3,1.2,True,0.6162162162162163,0.5980086501009106,0.4485380346182139,0.5394659239405752
sym,True,0.25,3,1.5,False,0.6199584199584199,0.5953211114642775,0.4502017388520311,0.5398406716063373
sym,True,0.25,3,1.5,True,0.6145530145530146,0.590386600793213,0.442357898794723,0.5367999272110204
sym,True,0.25,3,2.0,False,0.6091476091476091,0.575408664879813,0.4318399745157949,0.4991001965485624
sym,True,0.25,3,2.0,True,0.6079002079002079,0.5753273564038109,0.4326238443890351,0.5296389775491069
sym,True,0.25,4,0.2,False,0.6103950103950104,0.5973189102493236,0.44335780711964223,0.5368403170250476
sym,True,0.25,4,0.2,True,0.6103950103950104,0.5973189102493236,0.44335780711964223,0.5368403170250476
sym,True,0.25,4,0.5,False,0.6103950103950104,0.5973189102493236,0.44335780711964223,0.5368403170250476
sym,True,0.25,4,0.5,True,0.6103950103950104,0.5973189102493236,0.44335780711964223,0.5368403170250476
sym,True,0.25,4,0.8,False,0.6153846153846154,0.601068374890046,0.4493338199887262,0.5394528201986842
sym,True,0.25,4,0.8,True,0.6137214137214138,0.5996586738565944,0.4470030592694715,0.5384982081932066
sym,True,0.25,4,1.0,False,0.6170478170478171,0.5990581317615631,0.45061951237181386,0.5385864949456879
sym,True,0.25,4,1.0,True,0.6141372141372141,0.5973000086805214,0.44711327596014766,0.5373691429767237
sym,True,0.25,4,1.2,False,0.6195426195426196,0.5975271910283124,0.4504391351099367,0.5401915762502904
sym,True,0.25,4,1.2,True,0.6174636174636174,0.5951441667608002,0.4487234821493559,0.5384309222009627
sym,True,0.25,4,1.5,False,0.6133056133056133,0.5823983137043748,0.43877963590466446,0.5017743872416346
sym,True,0.25,4,1.5,True,0.6112266112266113,0.5799923374999597,0.43721184079001274,0.501080971902188
sym,True,0.25,4,2.0,False,0.6008316008316008,0.5544765863587852,0.4156415225126091,0.5191581837428494
sym,True,0.25,4,2.0,True,0.5987525987525988,0.5497657397302261,0.4131197252768308,0.5178481341087032
sym,True,0.25,5,0.2,False,0.6103950103950104,0.5973189102493236,0.44335780711964223,0.5368403170250476
sym,True,0.25,5,0.2,True,0.6103950103950104,0.5973189102493236,0.44335780711964223,0.5368403170250476
sym,True,0.25,5,0.5,False,0.6103950103950104,0.5973189102493236,0.44335780711964223,0.5368403170250476
sym,True,0.25,5,0.5,True,0.6103950103950104,0.5973189102493236,0.44335780711964223,0.5368403170250476
sym,True,0.25,5,0.8,False,0.6170478170478171,0.6022885560248954,0.45146469819817664,0.5402705164969613
sym,True,0.25,5,0.8,True,0.6141372141372141,0.6001555745056332,0.44741590490019956,0.5384112638673911
sym,True,0.25,5,1.0,False,0.6182952182952183,0.5998557629218484,0.45145674053357115,0.5387864597421483
sym,True,0.25,5,1.0,True,0.6166320166320166,0.5968679482489763,0.4485736690086751,0.5393340673904453
sym,True,0.25,5,1.2,False,0.6178794178794179,0.59138858616879,0.4474020716907752,0.5063804750765794
sym,True,0.25,5,1.2,True,0.6153846153846154,0.587944728938674,0.44276888246427437,0.5348483241186557
sym,True,0.25,5,1.5,False,0.6070686070686071,0.5638771986300773,0.4258221114194282,0.49428637553448457
sym,True,0.25,5,1.5,True,0.6,0.5571796512846872,0.4174557700815345,0.518872111547715
sym,True,0.25,5,2.0,False,0.5912681912681913,0.5285018893272302,0.39624139772418476,0.5068142139274067
sym,True,0.25,5,2.0,True,0.5912681912681913,0.5329213230830573,0.40082325954656267,0.5103624930164806
sym,True,0.25,6,0.2,False,0.6103950103950104,0.5973189102493236,0.44335780711964223,0.5368403170250476
sym,True,0.25,6,0.2,True,0.6103950103950104,0.5973189102493236,0.44335780711964223,0.5368403170250476
sym,True,0.25,6,0.5,False,0.6103950103950104,0.5973189102493236,0.44335780711964223,0.5368403170250476
sym,True,0.25,6,0.5,True,0.6103950103950104,0.5973189102493236,0.44335780711964223,0.5368403170250476
sym,True,0.25,6,0.8,False,0.6170478170478171,0.602562599323285,0.45126655901550516,0.5399170233668774
sym,True,0.25,6,0.8,True,0.6141372141372141,0.6001555745056332,0.44741590490019956,0.5384112638673911
sym,True,0.25,6,1.0,False,0.6195426195426196,0.5988731306729903,0.4517633095074215,0.5387101979381376
sym,True,0.25,6,1.0,True,0.6166320166320166,0.5958268876796065,0.4480137621995283,0.5387400700203827
sym,True,0.25,6,1.2,False,0.614968814968815,0.5829655220228663,0.4405305926062283,0.5031791802549648
sym,True,0.25,6,1.2,True,0.6133056133056133,0.5814990577754096,0.4387589373140538,0.5027599705766234
sym,True,0.25,6,1.5,False,0.6037422037422038,0.552285970577936,0.41555447162823705,0.5191112827164153
sym,True,0.25,6,1.5,True,0.5991683991683991,0.5490266798258181,0.4130657280873636,0.5162918793172683
sym,True,0.25,6,2.0,False,0.5833679833679833,0.5159712032211479,0.38503414393611024,0.46616686041670263
sym,True,0.25,6,2.0,True,0.5841995841995842,0.5169240970355847,0.387939357411771,0.49960354028664694
sym,True,0.25,8,0.2,False,0.6103950103950104,0.5973189102493236,0.44335780711964223,0.5368403170250476
sym,True,0.25,8,0.2,True,0.6103950103950104,0.5973189102493236,0.44335780711964223,0.5368403170250476
sym,True,0.25,8,0.5,False,0.6103950103950104,0.5973189102493236,0.44335780711964223,0.5368403170250476
sym,True,0.25,8,0.5,True,0.6103950103950104,0.5973189102493236,0.44335780711964223,0.5368403170250476
sym,True,0.25,8,0.8,False,0.6170478170478171,0.6015404891635484,0.45122510024932877,0.5395872566427692
sym,True,0.25,8,0.8,True,0.614968814968815,0.6008345609231704,0.448596744167062,0.5387330080511338
sym,True,0.25,8,1.0,False,0.6207900207900208,0.5970503881279378,0.451808059840042,0.5396927806180919
sym,True,0.25,8,1.0,True,0.6166320166320166,0.5921474015309135,0.4464958858819799,0.5372097869071866
sym,True,0.25,8,1.2,False,0.6083160083160083,0.5646439201000619,0.4256553736791411,0.4943706496294376
sym,True,0.25,8,1.2,True,0.604989604989605,0.5637101195404265,0.4240263261300573,0.4940463701255249
sym,True,0.25,8,1.5,False,0.5858627858627858,0.5214327489703099,0.3892537523957749,0.464806812858665
sym,True,0.25,8,1.5,True,0.5846153846153846,0.5189162798376742,0.3878601177730731,0.4686276873669578
sym,True,0.25,8,2.0,False,0.5692307692307692,0.4960446187503269,0.3603788614131042,0.45000551474406575
sym,True,0.25,8,2.0,True,0.562993762993763,0.48541762472310884,0.35502422368890135,0.4406003561615202
sym,True,0.25,10,0.2,False,0.6103950103950104,0.5973189102493236,0.44335780711964223,0.5368403170250476
sym,True,0.25,10,0.2,True,0.6103950103950104,0.5973189102493236,0.44335780711964223,0.5368403170250476
sym,True,0.25,10,0.5,False,0.6103950103950104,0.5973189102493236,0.44335780711964223,0.5368403170250476
sym,True,0.25,10,0.5,True,0.6103950103950104,0.5973189102493236,0.44335780711964223,0.5368403170250476
sym,True,0.25,10,0.8,False,0.6166320166320166,0.6006563091420773,0.4505300363031902,0.5393325795507835
sym,True,0.25,10,0.8,True,0.614968814968815,0.6002792588355917,0.4486281694411332,0.5387139199417443
sym,True,0.25,10,1.0,False,0.6216216216216216,0.5950670829147564,0.4511091241331128,0.5403133486307579
sym,True,0.25,10,1.0,True,0.6178794178794179,0.5911522653275537,0.4470933075473686,0.5353852380818983
sym,True,0.25,10,1.2,False,0.6045738045738046,0.5536532031110503,0.4168852363365629,0.4881183372242439
sym,True,0.25,10,1.2,True,0.6020790020790021,0.5517579332856518,0.4152249523958302,0.48651414691885464
sym,True,0.25,10,1.5,False,0.5738045738045738,0.5011635620933901,0.3637728171487506,0.45311180708969956
sym,True,0.25,10,1.5,True,0.5708939708939709,0.4918787228884715,0.361855630982625,0.4459302691795471
sym,True,0.25,10,2.0,False,0.5642411642411642,0.4867959148312753,0.3474454885683859,0.44122546134003204
sym,True,0.25,10,2.0,True,0.5534303534303534,0.467503984107717,0.3377927508500977,0.4293466776873832
sym,True,0.25,12,0.2,False,0.6103950103950104,0.5973189102493236,0.44335780711964223,0.5368403170250476
sym,True,0.25,12,0.2,True,0.6103950103950104,0.5973189102493236,0.44335780711964223,0.5368403170250476
sym,True,0.25,12,0.5,False,0.6103950103950104,0.5973189102493236,0.44335780711964223,0.5368403170250476
sym,True,0.25,12,0.5,True,0.6103950103950104,0.5973189102493236,0.44335780711964223,0.5368403170250476
sym,True,0.25,12,0.8,False,0.6174636174636174,0.6018925747601026,0.45159181258876857,0.539810661372692
sym,True,0.25,12,0.8,True,0.614968814968815,0.6002792588355917,0.4486281694411332,0.5387139199417443
sym,True,0.25,12,1.0,False,0.6195426195426196,0.5893577476856781,0.4464460183075527,0.506789210038047
sym,True,0.25,12,1.0,True,0.6166320166320166,0.585847863617783,0.4435848630746295,0.5345999477979699
sym,True,0.25,12,1.2,False,0.5970893970893971,0.5380853711499187,0.40563601199440025,0.471574497600406
sym,True,0.25,12,1.2,True,0.5933471933471933,0.5333917138460659,0.3996873671643777,0.47428867505756117
sym,True,0.25,12,1.5,False,0.567983367983368,0.4889098763063653,0.3482004031902638,0.4437152516396276
sym,True,0.25,12,1.5,True,0.5604989604989605,0.47475497175757597,0.3438846359032344,0.4343618693616325
sym,True,0.25,12,2.0,False,0.5559251559251559,0.47584603253349994,0.3304298726498612,0.4311008931857987
sym,True,0.25,12,2.0,True,0.5438669438669439,0.45702021878408494,0.32124118173621535,0.41649341335894996
sym,True,0.25,16,0.2,False,0.6103950103950104,0.5973189102493236,0.44335780711964223,0.5368403170250476
sym,True,0.25,16,0.2,True,0.6103950103950104,0.5973189102493236,0.44335780711964223,0.5368403170250476
sym,True,0.25,16,0.5,False,0.6103950103950104,0.5973189102493236,0.44335780711964223,0.5368403170250476
sym,True,0.25,16,0.5,True,0.6103950103950104,0.5973189102493236,0.44335780711964223,0.5368403170250476
sym,True,0.25,16,0.8,False,0.6174636174636174,0.6018925747601026,0.45159181258876857,0.539810661372692
sym,True,0.25,16,0.8,True,0.6153846153846154,0.6004837687418397,0.44896640429580703,0.5390051768351495
sym,True,0.25,16,1.0,False,0.6182952182952183,0.5827710689143936,0.4419648411201716,0.5038380379053881
sym,True,0.25,16,1.0,True,0.6133056133056133,0.5785849875852878,0.4373941730825178,0.5007694504260012
sym,True,0.25,16,1.2,False,0.5841995841995842,0.513314644573045,0.3716008039063826,0.45637747293099984
sym,True,0.25,16,1.2,True,0.5812889812889813,0.5049219598007946,0.37377117582539715,0.45212264891195963
sym,True,0.25,16,1.5,False,0.5351351351351351,0.4625714956177412,0.3038263512189862,0.41253649155938493
sym,True,0.25,16,1.5,True,0.5343035343035343,0.44542272457659754,0.30479836765826396,0.40322705721367624
sym,True,0.25,16,2.0,False,0.5230769230769231,0.44966791826392905,0.28632000220392806,0.39318744513452153
sym,True,0.25,16,2.0,True,0.5185031185031185,0.43182691714635196,0.28404420782100637,0.38806673044403234
sym,True,0.25,20,0.2,False,0.6103950103950104,0.5973189102493236,0.44335780711964223,0.5368403170250476
sym,True,0.25,20,0.2,True,0.6103950103950104,0.5973189102493236,0.44335780711964223,0.5368403170250476
sym,True,0.25,20,0.5,False,0.6103950103950104,0.5973189102493236,0.44335780711964223,0.5368403170250476
sym,True,0.25,20,0.5,True,0.6103950103950104,0.5973189102493236,0.44335780711964223,0.5368403170250476
sym,True,0.25,20,0.8,False,0.6170478170478171,0.6010307824431875,0.4510735549359778,0.5393520594350623
sym,True,0.25,20,0.8,True,0.6153846153846154,0.6004837687418397,0.44896640429580703,0.5390051768351495
sym,True,0.25,20,1.0,False,0.6166320166320166,0.5793814602842585,0.43813379869843005,0.501638950528716
sym,True,0.25,20,1.0,True,0.6133056133056133,0.5748257803674053,0.43517245029479895,0.49960614821222055
sym,True,0.25,20,1.2,False,0.5654885654885655,0.48859680404965883,0.33836294314619747,0.4368018707442058
sym,True,0.25,20,1.2,True,0.5621621621621622,0.47490149488164374,0.3396132845150323,0.4266570886952744
sym,True,0.25,20,1.5,False,0.5068607068607068,0.4376610035155295,0.2661324147340345,0.3837705700781099
sym,True,0.25,20,1.5,True,0.49272349272349275,0.41570125706247424,0.2625421798321425,0.36569080228394774
sym,True,0.25,20,2.0,False,0.508939708939709,0.42776637426580644,0.2572031393445796,0.3676819200435197
sym,True,0.25,20,2.0,True,0.48191268191268194,0.40659064769770015,0.2520348846203211,0.379173084361557
sym,True,0.25,24,0.2,False,0.6103950103950104,0.5973189102493236,0.44335780711964223,0.5368403170250476
sym,True,0.25,24,0.2,True,0.6103950103950104,0.5973189102493236,0.44335780711964223,0.5368403170250476
sym,True,0.25,24,0.5,False,0.6103950103950104,0.5973189102493236,0.44335780711964223,0.5368403170250476
sym,True,0.25,24,0.5,True,0.6103950103950104,0.5973189102493236,0.44335780711964223,0.5368403170250476
sym,True,0.25,24,0.8,False,0.6170478170478171,0.6005147229588749,0.45090605036774795,0.539293539109182
sym,True,0.25,24,0.8,True,0.6153846153846154,0.6004837687418397,0.44896640429580703,0.5390051768351495
sym,True,0.25,24,1.0,False,0.6158004158004158,0.5773879833538749,0.4372602139988303,0.4989496384979467
sym,True,0.25,24,1.0,True,0.6133056133056133,0.5718954478077247,0.4321418561967942,0.49826431954524086
sym,True,0.25,24,1.2,False,0.5330561330561331,0.4597187436694989,0.29336349336253903,0.4020748140801652
sym,True,0.25,24,1.2,True,0.5322245322245323,0.44568874077565834,0.29478529286302013,0.39807155482849516
sym,True,0.25,24,1.5,False,0.5197505197505198,0.42220717237935373,0.25456469360157385,0.3674068942038437
sym,True,0.25,24,1.5,True,0.47692307692307695,0.4054249421620484,0.24796572558522648,0.34035811591207904
sym,True,0.25,24,2.0,False,0.5197505197505198,0.41849848768094255,0.24974111718366135,0.37265139204696707
sym,True,0.25,24,2.0,True,0.47650727650727653,0.4007489229718855,0.2442302761423888,0.338292636389616
sym,True,0.25,32,0.2,False,0.6103950103950104,0.5973189102493236,0.44335780711964223,0.5368403170250476
sym,True,0.25,32,0.2,True,0.6103950103950104,0.5973189102493236,0.44335780711964223,0.5368403170250476
sym,True,0.25,32,0.5,False,0.6103950103950104,0.5973189102493236,0.44335780711964223,0.5368403170250476
sym,True,0.25,32,0.5,True,0.6103950103950104,0.5973189102493236,0.44335780711964223,0.5368403170250476
sym,True,0.25,32,0.8,False,0.6170478170478171,0.6005147229588749,0.45090605036774795,0.539293539109182
sym,True,0.25,32,0.8,True,0.6153846153846154,0.6004837687418397,0.44896640429580703,0.5390051768351495
sym,True,0.25,32,1.0,False,0.6124740124740125,0.5678673498333717,0.42919307111086424,0.4934672969018075
sym,True,0.25,32,1.0,True,0.6128898128898129,0.5668203128936805,0.4274474591606928,0.4946542100538698
sym,True,0.25,32,1.2,False,0.5230769230769231,0.4274717182740861,0.25082310063992663,0.3789234603041776
sym,True,0.25,32,1.2,True,0.48482328482328485,0.41586726341253255,0.250077809689239,0.34617704273511835
sym,True,0.25,32,1.5,False,0.48523908523908527,0.40064509149899,0.21217740705830532,0.35689125770099195
sym,True,0.25,32,1.5,True,0.4548856548856549,0.38561728336653406,0.21231914680452318,0.32735693414913075
sym,True,0.25,32,2.0,False,0.48482328482328485,0.3981284973410733,0.2097416499308143,0.3557392287252768
sym,True,0.25,32,2.0,True,0.4544698544698545,0.38508863630346174,0.20777769742900726,0.31787840425462355
sym,True,0.5,1,0.2,False,0.6103950103950104,0.5973189102493236,0.44335780711964223,0.5368403170250476
sym,True,0.5,1,0.2,True,0.6103950103950104,0.5973189102493236,0.44335780711964223,0.5368403170250476
sym,True,0.5,1,0.5,False,0.6103950103950104,0.5973189102493236,0.44335780711964223,0.5368403170250476
sym,True,0.5,1,0.5,True,0.6103950103950104,0.5973189102493236,0.44335780711964223,0.5368403170250476
sym,True,0.5,1,0.8,False,0.6103950103950104,0.5973189102493236,0.44335780711964223,0.5368403170250476
sym,True,0.5,1,0.8,True,0.6103950103950104,0.5973189102493236,0.44335780711964223,0.5368403170250476
sym,True,0.5,1,1.0,False,0.6112266112266113,0.5978189802357486,0.4441776214542048,0.5373174333882583
sym,True,0.5,1,1.0,True,0.6108108108108108,0.5975111033669221,0.4436792323049463,0.5371365302678053
sym,True,0.5,1,1.2,False,0.6128898128898129,0.5993307997343348,0.4461914632813103,0.5382802818456549
sym,True,0.5,1,1.2,True,0.6120582120582121,0.598782308686342,0.4449397890299624,0.5380180696285936
sym,True,0.5,1,1.5,False,0.6137214137214138,0.5984294268870657,0.4466833435488921,0.5383403922353157
sym,True,0.5,1,1.5,True,0.6124740124740125,0.5967849589638337,0.44452260014396666,0.5379736158822203
sym,True,0.5,1,2.0,False,0.6158004158004158,0.6003266848712404,0.44985220253602454,0.5388394432218728
sym,True,0.5,1,2.0,True,0.6116424116424116,0.596237200486847,0.44368960964577586,0.5367076197402736
sym,True,0.5,2,0.2,False,0.6103950103950104,0.5973189102493236,0.44335780711964223,0.5368403170250476
sym,True,0.5,2,0.2,True,0.6103950103950104,0.5973189102493236,0.44335780711964223,0.5368403170250476
sym,True,0.5,2,0.5,False,0.6103950103950104,0.5973189102493236,0.44335780711964223,0.5368403170250476
sym,True,0.5,2,0.5,True,0.6103950103950104,0.5973189102493236,0.44335780711964223,0.5368403170250476
sym,True,0.5,2,0.8,False,0.6128898128898129,0.5993307997343348,0.4461914632813103,0.5382802818456549
sym,True,0.5,2,0.8,True,0.6120582120582121,0.598398303864377,0.44472548281809793,0.5381058819060552
sym,True,0.5,2,1.0,False,0.6145530145530146,0.600696351962978,0.4482104680549806,0.5392935984392083
sym,True,0.5,2,1.0,True,0.6124740124740125,0.5985859303155523,0.44536920404416624,0.5379339525372979
sym,True,0.5,2,1.2,False,0.6158004158004158,0.60002834151618,0.44952638105105464,0.5396659590913755
sym,True,0.5,2,1.2,True,0.6128898128898129,0.5985665270355084,0.44584667321694493,0.537642738228478
sym,True,0.5,2,1.5,False,0.6174636174636174,0.6020626569827064,0.4514224502098206,0.5393468998076266
sym,True,0.5,2,1.5,True,0.614968814968815,0.5991381978862871,0.448540997932288,0.5379403202427105
sym,True,0.5,2,2.0,False,0.6187110187110187,0.5980439060736336,0.4514811067397883,0.5385475272139154
sym,True,0.5,2,2.0,True,0.6162162162162163,0.5971854777609592,0.4482297166783378,0.5388566721624652
sym,True,0.5,3,0.2,False,0.6103950103950104,0.5973189102493236,0.44335780711964223,0.5368403170250476
sym,True,0.5,3,0.2,True,0.6103950103950104,0.5973189102493236,0.44335780711964223,0.5368403170250476
sym,True,0.5,3,0.5,False,0.6103950103950104,0.5973189102493236,0.44335780711964223,0.5368403170250476
sym,True,0.5,3,0.5,True,0.6103950103950104,0.5973189102493236,0.44335780711964223,0.5368403170250476
sym,True,0.5,3,0.8,False,0.6145530145530146,0.600696351962978,0.4482104680549806,0.5392935984392083
sym,True,0.5,3,0.8,True,0.6124740124740125,0.5985859303155523,0.44536920404416624,0.5379339525372979
sym,True,0.5,3,1.0,False,0.6170478170478171,0.6013800115158093,0.4513661203065477,0.5396652117971695
sym,True,0.5,3,1.0,True,0.6141372141372141,0.5990053843560105,0.4475747447271293,0.5381830717038063
sym,True,0.5,3,1.2,False,0.6178794178794179,0.6003627020222018,0.4516984123074209,0.538960292024828
sym,True,0.5,3,1.2,True,0.614968814968815,0.5973127634090062,0.4477511346375819,0.5375030572544117
sym,True,0.5,3,1.5,False,0.6212058212058212,0.598568117569074,0.4518567947051129,0.5408588679576932
sym,True,0.5,3,1.5,True,0.6166320166320166,0.5941097339373632,0.4456115382685639,0.5385106786829817
sym,True,0.5,3,2.0,False,0.6133056133056133,0.5842270426586904,0.4388643050478429,0.5025666257391492
sym,True,0.5,3,2.0,True,0.6103950103950104,0.5820309082326117,0.43637785901823983,0.5016712867548363
sym,True,0.5,4,0.2,False,0.6103950103950104,0.5973189102493236,0.44335780711964223,0.5368403170250476
sym,True,0.5,4,0.2,True,0.6103950103950104,0.5973189102493236,0.44335780711964223,0.5368403170250476
sym,True,0.5,4,0.5,False,0.6103950103950104,0.5973189102493236,0.44335780711964223,0.5368403170250476
sym,True,0.5,4,0.5,True,0.6103950103950104,0.5973189102493236,0.44335780711964223,0.5368403170250476
sym,True,0.5,4,0.8,False,0.614968814968815,0.6006164965317526,0.4487379234096963,0.5392379903620144
sym,True,0.5,4,0.8,True,0.6133056133056133,0.5994531436298234,0.4466637119463734,0.5382073356439576
sym,True,0.5,4,1.0,False,0.6166320166320166,0.5993138926478964,0.450241983844526,0.5383890308791657
sym,True,0.5,4,1.0,True,0.6141372141372141,0.5981797868019717,0.44724743555928986,0.5375689674773617
sym,True,0.5,4,1.2,False,0.6187110187110187,0.5968374187978309,0.4501778075267312,0.5382891985303334
sym,True,0.5,4,1.2,True,0.6174636174636174,0.595951360141323,0.448318426074983,0.5388868215954138
sym,True,0.5,4,1.5,False,0.6158004158004158,0.5860454057720905,0.4427576198111987,0.5045551623074866
sym,True,0.5,4,1.5,True,0.6116424116424116,0.583253752777302,0.4380365409684874,0.5021451166481624
sym,True,0.5,4,2.0,False,0.6029106029106029,0.5590969827558879,0.41979180314658104,0.5230214120881534
sym,True,0.5,4,2.0,True,0.6004158004158004,0.5550957648807515,0.41760674641795514,0.5188684522596337
sym,True,0.5,5,0.2,False,0.6103950103950104,0.5973189102493236,0.44335780711964223,0.5368403170250476
sym,True,0.5,5,0.2,True,0.6103950103950104,0.5973189102493236,0.44335780711964223,0.5368403170250476
sym,True,0.5,5,0.5,False,0.6103950103950104,0.5973189102493236,0.44335780711964223,0.5368403170250476
sym,True,0.5,5,0.5,True,0.6103950103950104,0.5973189102493236,0.44335780711964223,0.5368403170250476
sym,True,0.5,5,0.8,False,0.6166320166320166,0.6020894318725273,0.4511336500414174,0.5399776040225346
sym,True,0.5,5,0.8,True,0.6133056133056133,0.5992783673575368,0.4462342997582007,0.5379793898773998
sym,True,0.5,5,1.0,False,0.6187110187110187,0.6011132274634032,0.4525843000129215,0.5394614086246672
sym,True,0.5,5,1.0,True,0.6174636174636174,0.5981256725155866,0.4497348755007723,0.5399599910775749
sym,True,0.5,5,1.2,False,0.6207900207900208,0.5959769657773191,0.45113653354112737,0.5400554063255116
sym,True,0.5,5,1.2,True,0.6158004158004158,0.5890917688203477,0.444303452068828,0.5347975682682713
sym,True,0.5,5,1.5,False,0.6087318087318088,0.5671534439614715,0.4284565155473942,0.4963193689248724
sym,True,0.5,5,1.5,True,0.6041580041580041,0.5655241152397799,0.4243309530180678,0.5231893738598633
sym,True,0.5,5,2.0,False,0.5945945945945946,0.5380788333088371,0.4022370049301092,0.5115540794254269
sym,True,0.5,5,2.0,True,0.5920997920997921,0.5361819364568478,0.40330621586852156,0.5086920775443643
sym,True,0.5,6,0.2,False,0.6103950103950104,0.5973189102493236,0.44335780711964223,0.5368403170250476
sym,True,0.5,6,0.2,True,0.6103950103950104,0.5973189102493236,0.44335780711964223,0.5368403170250476
sym,True,0.5,6,0.5,False,0.6103950103950104,0.5973189102493236,0.44335780711964223,0.5368403170250476
sym,True,0.5,6,0.5,True,0.6103950103950104,0.5973189102493236,0.44335780711964223,0.5368403170250476
sym,True,0.5,6,0.8,False,0.6170478170478171,0.601760888070617,0.4510353264409916,0.5400083861873286
sym,True,0.5,6,0.8,True,0.6141372141372141,0.6001555745056332,0.44741590490019956,0.5384112638673911
sym,True,0.5,6,1.0,False,0.6195426195426196,0.5999473955173215,0.45239012540916473,0.5393376601934877
sym,True,0.5,6,1.0,True,0.6166320166320166,0.5956531462996995,0.447675198240795,0.5390487348457625
sym,True,0.5,6,1.2,False,0.614968814968815,0.5861691897332618,0.4423972129781732,0.5036260057078203
sym,True,0.5,6,1.2,True,0.6141372141372141,0.5856549549293494,0.4403726375313232,0.5041223659750701
sym,True,0.5,6,1.5,False,0.6045738045738046,0.5557464860782242,0.41919217184342367,0.5226498334000239
sym,True,0.5,6,1.5,True,0.597920997920998,0.54935774394636,0.41264326215246583,0.5167762162194822
sym,True,0.5,6,2.0,False,0.5858627858627858,0.5219096977805422,0.3907235618532326,0.47006952604153934
sym,True,0.5,6,2.0,True,0.5854469854469855,0.5218968648161784,0.39019883011627876,0.5022362636728536
sym,True,0.5,8,0.2,False,0.6103950103950104,0.5973189102493236,0.44335780711964223,0.5368403170250476
sym,True,0.5,8,0.2,True,0.6103950103950104,0.5973189102493236,0.44335780711964223,0.5368403170250476
sym,True,0.5,8,0.5,False,0.6103950103950104,0.5973189102493236,0.44335780711964223,0.5368403170250476
sym,True,0.5,8,0.5,True,0.6103950103950104,0.5973189102493236,0.44335780711964223,0.5368403170250476
sym,True,0.5,8,0.8,False,0.6170478170478171,0.6013722016978925,0.45127539805103,0.539689795423841
sym,True,0.5,8,0.8,True,0.6145530145530146,0.6004925119251853,0.44792020403858024,0.5385953890022828
sym,True,0.5,8,1.0,False,0.6207900207900208,0.5975639633212517,0.45259675293265533,0.5383698644176625
sym,True,0.5,8,1.0,True,0.6170478170478171,0.5931400279041432,0.44719987572288666,0.5374258103563399
sym,True,0.5,8,1.2,False,0.6103950103950104,0.5676227784178424,0.4290633477582595,0.4959484878793604
sym,True,0.5,8,1.2,True,0.6062370062370063,0.5668251162795063,0.42664398379953544,0.49521036735571666
sym,True,0.5,8,1.5,False,0.5883575883575883,0.5254882861779239,0.3937653003818143,0.46856495565980144
sym,True,0.5,8,1.5,True,0.587941787941788,0.5257348956194645,0.3936359852715665,0.47295060430737845
sym,True,0.5,8,2.0,False,0.5713097713097713,0.4984451507097608,0.36272706008504224,0.45279187080976
sym,True,0.5,8,2.0,True,0.5675675675675675,0.4899709860911631,0.3606979050805977,0.44665088451722856
sym,True,0.5,10,0.2,False,0.6103950103950104,0.5973189102493236,0.44335780711964223,0.5368403170250476
sym,True,0.5,10,0.2,True,0.6103950103950104,0.5973189102493236,0.44335780711964223,0.5368403170250476
sym,True,0.5,10,0.5,False,0.6103950103950104,0.5973189102493236,0.44335780711964223,0.5368403170250476
sym,True,0.5,10,0.5,True,0.6103950103950104,0.5973189102493236,0.44335780711964223,0.5368403170250476
sym,True,0.5,10,0.8,False,0.6166320166320166,0.6006563091420773,0.4505300363031902,0.5393325795507835
sym,True,0.5,10,0.8,True,0.614968814968815,0.6008345609231704,0.448596744167062,0.5387330080511338
sym,True,0.5,10,1.0,False,0.6216216216216216,0.596436177651545,0.4511604662814488,0.5399411918132493
sym,True,0.5,10,1.0,True,0.6178794178794179,0.5913825654286134,0.44740079889984924,0.5355454997000898
sym,True,0.5,10,1.2,False,0.6058212058212058,0.5565839385394244,0.41994007513170606,0.48912322890786997
sym,True,0.5,10,1.2,True,0.6020790020790021,0.5519234966332381,0.4150201782669234,0.4875497779709781
sym,True,0.5,10,1.5,False,0.5758835758835759,0.5035944221304858,0.3680437782341835,0.45459963771342715
sym,True,0.5,10,1.5,True,0.5738045738045738,0.49600659065813874,0.3672169145512176,0.4488241553395345
sym,True,0.5,10,2.0,False,0.5654885654885655,0.4889016895650317,0.3497928677740156,0.4432377048767424
sym,True,0.5,10,2.0,True,0.5555093555093555,0.4723443670164222,0.34190666062627445,0.43270270674553174
sym,True,0.5,12,0.2,False,0.6103950103950104,0.5973189102493236,0.44335780711964223,0.5368403170250476
sym,True,0.5,12,0.2,True,0.6103950103950104,0.5973189102493236,0.44335780711964223,0.5368403170250476
sym,True,0.5,12,0.5,False,0.6103950103950104,0.5973189102493236,0.44335780711964223,0.5368403170250476
sym,True,0.5,12,0.5,True,0.6103950103950104,0.5973189102493236,0.44335780711964223,0.5368403170250476
sym,True,0.5,12,0.8,False,0.6166320166320166,0.6006563091420773,0.4505300363031902,0.5393325795507835
sym,True,0.5,12,0.8,True,0.614968814968815,0.6008345609231704,0.448596744167062,0.5387330080511338
sym,True,0.5,12,1.0,False,0.6203742203742204,0.5912013860571304,0.4479738404173517,0.507692454578502
sym,True,0.5,12,1.0,True,0.6162162162162163,0.5866890512516629,0.44426248624945264,0.5336393638942676
sym,True,0.5,12,1.2,False,0.597920997920998,0.5411746992900828,0.4076066623660208,0.4715241214503904
sym,True,0.5,12,1.2,True,0.5937629937629938,0.5345968851355516,0.4005977111369293,0.4759353169133743
sym,True,0.5,12,1.5,False,0.5671517671517672,0.48946670664230174,0.3500506332158284,0.44355105094865
sym,True,0.5,12,1.5,True,0.5600831600831601,0.4764316850596719,0.3451331217289856,0.43465132238156595
sym,True,0.5,12,2.0,False,0.5584199584199584,0.47778965491318465,0.33627480275191624,0.4333545120256663
sym,True,0.5,12,2.0,True,0.5463617463617464,0.4593747050368972,0.3248435940232308,0.41924788612991803
sym,True,0.5,16,0.2,False,0.6103950103950104,0.5973189102493236,0.44335780711964223,0.5368403170250476
sym,True,0.5,16,0.2,True,0.6103950103950104,0.5973189102493236,0.44335780711964223,0.5368403170250476
sym,True,0.5,16,0.5,False,0.6103950103950104,0.5973189102493236,0.44335780711964223,0.5368403170250476
sym,True,0.5,16,0.5,True,0.6103950103950104,0.5973189102493236,0.44335780711964223,0.5368403170250476
sym,True,0.5,16,0.8,False,0.6166320166320166,0.6006563091420773,0.4505300363031902,0.5393325795507835
sym,True,0.5,16,0.8,True,0.614968814968815,0.6008345609231704,0.448596744167062,0.5387330080511338
sym,True,0.5,16,1.0,False,0.6178794178794179,0.5839355983557372,0.442766340610798,0.5039836686797646
sym,True,0.5,16,1.0,True,0.6153846153846154,0.5817721670488443,0.44011917019385227,0.5030635931732307
sym,True,0.5,16,1.2,False,0.5854469854469855,0.5140820977993659,0.3751677327208753,0.4572922729424923
sym,True,0.5,16,1.2,True,0.5837837837837838,0.5097237768546162,0.37842184011342905,0.45520207938355955
sym,True,0.5,16,1.5,False,0.5388773388773389,0.46652413333805437,0.3102246388851454,0.415426858002961
sym,True,0.5,16,1.5,True,0.5376299376299376,0.44968638443290915,0.31076262132876703,0.4066640393258984
sym,True,0.5,16,2.0,False,0.5272349272349273,0.45331863697347946,0.29243742914180826,0.3975236751832848
sym,True,0.5,16,2.0,True,0.5243243243243243,0.43840804165017694,0.29315378391496505,0.39281271982131877
sym,True,0.5,20,0.2,False,0.6103950103950104,0.5973189102493236,0.44335780711964223,0.5368403170250476
sym,True,0.5,20,0.2,True,0.6103950103950104,0.5973189102493236,0.44335780711964223,0.5368403170250476
sym,True,0.5,20,0.5,False,0.6103950103950104,0.5973189102493236,0.44335780711964223,0.5368403170250476
sym,True,0.5,20,0.5,True,0.6103950103950104,0.5973189102493236,0.44335780711964223,0.5368403170250476
sym,True,0.5,20,0.8,False,0.6166320166320166,0.6001497870769614,0.4505187919249964,0.5390488475842417
sym,True,0.5,20,0.8,True,0.6153846153846154,0.6010390913170272,0.4489349125646214,0.5390242649445388
sym,True,0.5,20,1.0,False,0.6170478170478171,0.5795252154051036,0.43814075243306405,0.502346752549662
sym,True,0.5,20,1.0,True,0.6137214137214138,0.5757329572646466,0.4357033397970671,0.4999545813972284
sym,True,0.5,20,1.2,False,0.5692307692307692,0.491517098697344,0.3436217958280623,0.4410461446771117
sym,True,0.5,20,1.2,True,0.5654885654885655,0.47803241624690956,0.3445395524120553,0.4291309286025878
sym,True,0.5,20,1.5,False,0.5143451143451143,0.4433945068846556,0.27436730424491657,0.3882667225515085
sym,True,0.5,20,1.5,True,0.5018711018711018,0.4226042865370167,0.2732750335929382,0.37070418521815174
sym,True,0.5,20,2.0,False,0.5101871101871102,0.4323991125828173,0.26330923321183713,0.3703444076286521
sym,True,0.5,20,2.0,True,0.4864864864864865,0.41103677866503596,0.2581545696090738,0.3813070622537582
sym,True,0.5,24,0.2,False,0.6103950103950104,0.5973189102493236,0.44335780711964223,0.5368403170250476
sym,True,0.5,24,0.2,True,0.6103950103950104,0.5973189102493236,0.44335780711964223,0.5368403170250476
sym,True,0.5,24,0.5,False,0.6103950103950104,0.5973189102493236,0.44335780711964223,0.5368403170250476
sym,True,0.5,24,0.5,True,0.6103950103950104,0.5973189102493236,0.44335780711964223,0.5368403170250476
sym,True,0.5,24,0.8,False,0.6166320166320166,0.6001497870769614,0.4505187919249964,0.5390488475842417
sym,True,0.5,24,0.8,True,0.6153846153846154,0.6010390913170272,0.4489349125646214,0.5390242649445388
sym,True,0.5,24,1.0,False,0.6162162162162163,0.579098605671858,0.4375004394435804,0.5000356959333728
sym,True,0.5,24,1.0,True,0.6141372141372141,0.5743349031299445,0.4348081614528626,0.49898018474964734
sym,True,0.5,24,1.2,False,0.5376299376299376,0.464606191077523,0.30194748689567813,0.404361562249356
sym,True,0.5,24,1.2,True,0.5380457380457381,0.45076853825525043,0.3022992503350357,0.4042859868666721
sym,True,0.5,24,1.5,False,0.5218295218295218,0.42460943134009166,0.2594100197790302,0.3688991074801249
sym,True,0.5,24,1.5,True,0.4781704781704782,0.40865193218645685,0.251286377330808,0.34519390905309094
sym,True,0.5,24,2.0,False,0.5222453222453223,0.42256868652393614,0.25498754345509167,0.36791359006387353
sym,True,0.5,24,2.0,True,0.4814968814968815,0.4066655754072443,0.25028701342916726,0.34276128593999217
sym,True,0.5,32,0.2,False,0.6103950103950104,0.5973189102493236,0.44335780711964223,0.5368403170250476
sym,True,0.5,32,0.2,True,0.6103950103950104,0.5973189102493236,0.44335780711964223,0.5368403170250476
sym,True,0.5,32,0.5,False,0.6103950103950104,0.5973189102493236,0.44335780711964223,0.5368403170250476
sym,True,0.5,32,0.5,True,0.6103950103950104,0.5973189102493236,0.44335780711964223,0.5368403170250476
sym,True,0.5,32,0.8,False,0.6166320166320166,0.6001497870769614,0.4505187919249964,0.5390488475842417
sym,True,0.5,32,0.8,True,0.6153846153846154,0.6010390913170272,0.4489349125646214,0.5390242649445388
sym,True,0.5,32,1.0,False,0.6137214137214138,0.5708865989254861,0.4323480679003669,0.4936622424083858
sym,True,0.5,32,1.0,True,0.6137214137214138,0.5687505031932251,0.4292749578239041,0.4960187198133163
sym,True,0.5,32,1.2,False,0.525987525987526,0.4302376576216072,0.2557690766875181,0.381016677053253
sym,True,0.5,32,1.2,True,0.48731808731808735,0.4152196034830089,0.25372490869742276,0.34799423182593636
sym,True,0.5,32,1.5,False,0.4918918918918919,0.40004547383047084,0.2143829923944076,0.3579528022826677
sym,True,0.5,32,1.5,True,0.46361746361746364,0.3903132773165215,0.2214694945339139,0.3341555153646224
sym,True,0.5,32,2.0,False,0.48690228690228693,0.39857666500748273,0.2122974152032979,0.35339388196569055
sym,True,0.5,32,2.0,True,0.4540540540540541,0.38478214840555147,0.2110981936019162,0.3184974552024111
sym,True,1.0,1,0.2,False,0.6103950103950104,0.5973189102493236,0.44335780711964223,0.5368403170250476
sym,True,1.0,1,0.2,True,0.6103950103950104,0.5973189102493236,0.44335780711964223,0.5368403170250476
sym,True,1.0,1,0.5,False,0.6103950103950104,0.5973189102493236,0.44335780711964223,0.5368403170250476
sym,True,1.0,1,0.5,True,0.6103950103950104,0.5973189102493236,0.44335780711964223,0.5368403170250476
sym,True,1.0,1,0.8,False,0.6103950103950104,0.5973189102493236,0.44335780711964223,0.5368403170250476
sym,True,1.0,1,0.8,True,0.6103950103950104,0.5973189102493236,0.44335780711964223,0.5368403170250476
sym,True,1.0,1,1.0,False,0.6108108108108108,0.5975111033669221,0.4436792323049463,0.5371365302678053
sym,True,1.0,1,1.0,True,0.6108108108108108,0.5975111033669221,0.4436792323049463,0.5371365302678053
sym,True,1.0,1,1.2,False,0.6120582120582121,0.5984340810405956,0.445097946774602,0.5378263414448013
sym,True,1.0,1,1.2,True,0.6116424116424116,0.5980150728831738,0.44450446473348093,0.5376120115990605
sym,True,1.0,1,1.5,False,0.6128898128898129,0.5975838525194335,0.4456731465368217,0.5381476692340091
sym,True,1.0,1,1.5,True,0.6120582120582121,0.5969577383879896,0.44446199166293515,0.5378048858670359
sym,True,1.0,1,2.0,False,0.6137214137214138,0.5984766040461142,0.44660245175584834,0.5383618493696333
sym,True,1.0,1,2.0,True,0.6124740124740125,0.5971867021352822,0.4450250684104887,0.5371934547459766
sym,True,1.0,2,0.2,False,0.6103950103950104,0.5973189102493236,0.44335780711964223,0.5368403170250476
sym,True,1.0,2,0.2,True,0.6103950103950104,0.5973189102493236,0.44335780711964223,0.5368403170250476
sym,True,1.0,2,0.5,False,0.6103950103950104,0.5973189102493236,0.44335780711964223,0.5368403170250476
sym,True,1.0,2,0.5,True,0.6103950103950104,0.5973189102493236,0.44335780711964223,0.5368403170250476
sym,True,1.0,2,0.8,False,0.6124740124740125,0.59863421774104,0.4454301875708304,0.5381193328519269
sym,True,1.0,2,0.8,True,0.6116424116424116,0.5979102609709578,0.44434218971977557,0.5377233409752835
sym,True,1.0,2,1.0,False,0.6145530145530146,0.600696351962978,0.4482104680549806,0.5392935984392083
sym,True,1.0,2,1.0,True,0.6124740124740125,0.5985859303155523,0.44536920404416624,0.5379339525372979
sym,True,1.0,2,1.2,False,0.6153846153846154,0.5994626381290192,0.4490309218370137,0.539250894167066
sym,True,1.0,2,1.2,True,0.6128898128898129,0.598341187025167,0.44559462788783455,0.5377182245315213
sym,True,1.0,2,1.5,False,0.6182952182952183,0.6029781144241348,0.45290305350065163,0.5398804771160021
sym,True,1.0,2,1.5,True,0.6141372141372141,0.5983283729550259,0.44747173530679796,0.5377367786259055
sym,True,1.0,2,2.0,False,0.6170478170478171,0.5987588353540053,0.4499935924457193,0.5378691019296018
sym,True,1.0,2,2.0,True,0.6141372141372141,0.5970846552005991,0.4473176656771914,0.5362940325208263
sym,True,1.0,3,0.2,False,0.6103950103950104,0.5973189102493236,0.44335780711964223,0.5368403170250476
sym,True,1.0,3,0.2,True,0.6103950103950104,0.5973189102493236,0.44335780711964223,0.5368403170250476
sym,True,1.0,3,0.5,False,0.6103950103950104,0.5973189102493236,0.44335780711964223,0.5368403170250476
sym,True,1.0,3,0.5,True,0.6103950103950104,0.5973189102493236,0.44335780711964223,0.5368403170250476
sym,True,1.0,3,0.8,False,0.6145530145530146,0.600696351962978,0.4482104680549806,0.5392935984392083
sym,True,1.0,3,0.8,True,0.6124740124740125,0.5982198925576088,0.4452483720133675,0.5378796706686813
sym,True,1.0,3,1.0,False,0.6162162162162163,0.6009069721820682,0.45039902910927354,0.5394461628040225
sym,True,1.0,3,1.0,True,0.6145530145530146,0.59976023794532,0.44787632944498906,0.5384942645827645
sym,True,1.0,3,1.2,False,0.6170478170478171,0.6002599362290921,0.45048458959325355,0.5385379634813019
sym,True,1.0,3,1.2,True,0.614968814968815,0.5987031752380153,0.44842923960854375,0.5376329116842486
sym,True,1.0,3,1.5,False,0.6191268191268191,0.596884861649067,0.4506864600849024,0.5385648010232547
sym,True,1.0,3,1.5,True,0.6166320166320166,0.5952331870920382,0.44684043137557145,0.5386648949636567
sym,True,1.0,3,2.0,False,0.6203742203742204,0.5948836443867808,0.44980898450295276,0.5393785126747228
sym,True,1.0,3,2.0,True,0.6158004158004158,0.5865286737483485,0.442675269508877,0.537199856174038
sym,True,1.0,4,0.2,False,0.6103950103950104,0.5973189102493236,0.44335780711964223,0.5368403170250476
sym,True,1.0,4,0.2,True,0.6103950103950104,0.5973189102493236,0.44335780711964223,0.5368403170250476
sym,True,1.0,4,0.5,False,0.6103950103950104,0.5973189102493236,0.44335780711964223,0.5368403170250476
sym,True,1.0,4,0.5,True,0.6103950103950104,0.5973189102493236,0.44335780711964223,0.5368403170250476
sym,True,1.0,4,0.8,False,0.6145530145530146,0.6000721891491259,0.44806659044577474,0.5391495820577038
sym,True,1.0,4,0.8,True,0.6133056133056133,0.5994531436298234,0.4466637119463734,0.5382073356439576
sym,True,1.0,4,1.0,False,0.6174636174636174,0.600521993092077,0.45175123867648653,0.5389014336458513
sym,True,1.0,4,1.0,True,0.6145530145530146,0.598972239189478,0.4480565257111809,0.5378363727053167
sym,True,1.0,4,1.2,False,0.6187110187110187,0.5981895806068331,0.4508441174505114,0.5385147225312759
sym,True,1.0,4,1.2,True,0.6174636174636174,0.596915369079201,0.4489073613640179,0.539067779182839
sym,True,1.0,4,1.5,False,0.6203742203742204,0.5949481902393082,0.45069897088259847,0.5390421802447978
sym,True,1.0,4,1.5,True,0.6153846153846154,0.5878175938297755,0.4423296481871821,0.536730572734132
sym,True,1.0,4,2.0,False,0.6083160083160083,0.56950135467861,0.4281841485321613,0.5292294978458457
sym,True,1.0,4,2.0,True,0.6054054054054054,0.5680121086696924,0.42692880301239805,0.5237376821214046
sym,True,1.0,5,0.2,False,0.6103950103950104,0.5973189102493236,0.44335780711964223,0.5368403170250476
sym,True,1.0,5,0.2,True,0.6103950103950104,0.5973189102493236,0.44335780711964223,0.5368403170250476
sym,True,1.0,5,0.5,False,0.6103950103950104,0.5973189102493236,0.44335780711964223,0.5368403170250476
sym,True,1.0,5,0.5,True,0.6103950103950104,0.5973189102493236,0.44335780711964223,0.5368403170250476
sym,True,1.0,5,0.8,False,0.6158004158004158,0.6012821759611688,0.4499403849633081,0.539611298921657
sym,True,1.0,5,0.8,True,0.6137214137214138,0.5994522304001081,0.4468981748927529,0.5384345076572035
sym,True,1.0,5,1.0,False,0.6182952182952183,0.6004281334936712,0.4517675426611664,0.5391788475938282
sym,True,1.0,5,1.0,True,0.614968814968815,0.5966328315612272,0.44758633451040175,0.5371865872841267
sym,True,1.0,5,1.2,False,0.6212058212058212,0.5970206858113777,0.45276990188827465,0.5400376192240922
sym,True,1.0,5,1.2,True,0.6174636174636174,0.5917523821782387,0.44649979804224843,0.5380056245990974
sym,True,1.0,5,1.5,False,0.6108108108108108,0.5736721102407609,0.4327762558100023,0.499218351988787
sym,True,1.0,5,1.5,True,0.6070686070686071,0.572224642840466,0.43072263034433966,0.49638970565412954
sym,True,1.0,5,2.0,False,0.5995841995841996,0.5475957403673523,0.4116778667794182,0.5164307139550732
sym,True,1.0,5,2.0,True,0.5983367983367983,0.5469117735041629,0.4108149963282276,0.520928843168031
sym,True,1.0,6,0.2,False,0.6103950103950104,0.5973189102493236,0.44335780711964223,0.5368403170250476
sym,True,1.0,6,0.2,True,0.6103950103950104,0.5973189102493236,0.44335780711964223,0.5368403170250476
sym,True,1.0,6,0.5,False,0.6103950103950104,0.5973189102493236,0.44335780711964223,0.5368403170250476
sym,True,1.0,6,0.5,True,0.6103950103950104,0.5973189102493236,0.44335780711964223,0.5368403170250476
sym,True,1.0,6,0.8,False,0.6166320166320166,0.6006556962108542,0.45042699611671894,0.540109596268608
sym,True,1.0,6,0.8,True,0.6137214137214138,0.5994343822217267,0.44671924154839926,0.5384056795206611
sym,True,1.0,6,1.0,False,0.6174636174636174,0.5986140994349008,0.4501777736134325,0.5381110024189979
sym,True,1.0,6,1.0,True,0.6166320166320166,0.5968826954121746,0.4484250818791739,0.5391030363498333
sym,True,1.0,6,1.2,False,0.6182952182952183,0.5908923647076865,0.44781158485647476,0.5370519764656201
sym,True,1.0,6,1.2,True,0.6153846153846154,0.5868051672453269,0.4425229499539013,0.5355419259787135
sym,True,1.0,6,1.5,False,0.6079002079002079,0.5614686888952425,0.4249331471915758,0.5253078836657105
sym,True,1.0,6,1.5,True,0.6024948024948025,0.5598007619598233,0.42069385345763755,0.5207972141700105
sym,True,1.0,6,2.0,False,0.59002079002079,0.534271999968012,0.39829424308081574,0.47590018233239384
sym,True,1.0,6,2.0,True,0.5916839916839917,0.5345375973913433,0.40068161776632205,0.5085368765131105
sym,True,1.0,8,0.2,False,0.6103950103950104,0.5973189102493236,0.44335780711964223,0.5368403170250476
sym,True,1.0,8,0.2,True,0.6103950103950104,0.5973189102493236,0.44335780711964223,0.5368403170250476
sym,True,1.0,8,0.5,False,0.6103950103950104,0.5973189102493236,0.44335780711964223,0.5368403170250476
sym,True,1.0,8,0.5,True,0.6103950103950104,0.5973189102493236,0.44335780711964223,0.5368403170250476
sym,True,1.0,8,0.8,False,0.6170478170478171,0.6014575292404561,0.4514148254465323,0.539749273843946
sym,True,1.0,8,0.8,True,0.6141372141372141,0.5995552553342928,0.44728066407796563,0.5383342236564043
sym,True,1.0,8,1.0,False,0.6203742203742204,0.5994994164119478,0.4522425503355272,0.5384200272432742
sym,True,1.0,8,1.0,True,0.6170478170478171,0.5955459488000081,0.4474912488049566,0.5385677380925652
sym,True,1.0,8,1.2,False,0.6108108108108108,0.5697589012871837,0.4308896579854904,0.49732763283329945
sym,True,1.0,8,1.2,True,0.6083160083160083,0.5695955307301441,0.4303150526948023,0.4972377828402115
sym,True,1.0,8,1.5,False,0.5945945945945946,0.5370702939691601,0.40364490949322135,0.47665275695139236
sym,True,1.0,8,1.5,True,0.592931392931393,0.5348881931793183,0.40171037840054574,0.4783981976821789
sym,True,1.0,8,2.0,False,0.5738045738045738,0.5040340921702955,0.37028515487351527,0.4549620711551219
sym,True,1.0,8,2.0,True,0.572972972972973,0.5009767255632717,0.3687067782935508,0.4860199640565695
sym,True,1.0,10,0.2,False,0.6103950103950104,0.5973189102493236,0.44335780711964223,0.5368403170250476
sym,True,1.0,10,0.2,True,0.6103950103950104,0.5973189102493236,0.44335780711964223,0.5368403170250476
sym,True,1.0,10,0.5,False,0.6103950103950104,0.5973189102493236,0.44335780711964223,0.5368403170250476
sym,True,1.0,10,0.5,True,0.6103950103950104,0.5973189102493236,0.44335780711964223,0.5368403170250476
sym,True,1.0,10,0.8,False,0.6166320166320166,0.6007742329839652,0.450705477162976,0.539346224168671
sym,True,1.0,10,0.8,True,0.6141372141372141,0.5995552553342928,0.44728066407796563,0.5383342236564043
sym,True,1.0,10,1.0,False,0.6216216216216216,0.597864269747334,0.4521347883540212,0.5402071094553355
sym,True,1.0,10,1.0,True,0.6174636174636174,0.5923678120406443,0.44763231480280824,0.5367946589970517
sym,True,1.0,10,1.2,False,0.6103950103950104,0.5642628696767185,0.4277146625124236,0.49426424116435747
sym,True,1.0,10,1.2,True,0.6054054054054054,0.558899749612382,0.4209618849262312,0.4912911518803819
sym,True,1.0,10,1.5,False,0.58004158004158,0.5109439008543556,0.37806564042745755,0.4578211078487575
sym,True,1.0,10,1.5,True,0.577962577962578,0.5069891979725726,0.3750326472722082,0.45903083348090346
sym,True,1.0,10,2.0,False,0.5659043659043659,0.4913257600230416,0.3533305982823295,0.44488576406958547
sym,True,1.0,10,2.0,True,0.5588357588357589,0.4766932194132628,0.34852817837802536,0.4362217490633901
sym,True,1.0,12,0.2,False,0.6103950103950104,0.5973189102493236,0.44335780711964223,0.5368403170250476
sym,True,1.0,12,0.2,True,0.6103950103950104,0.5973189102493236,0.44335780711964223,0.5368403170250476
sym,True,1.0,12,0.5,False,0.6103950103950104,0.5973189102493236,0.44335780711964223,0.5368403170250476
sym,True,1.0,12,0.5,True,0.6103950103950104,0.5973189102493236,0.44335780711964223,0.5368403170250476
sym,True,1.0,12,0.8,False,0.6166320166320166,0.6006900445404135,0.4505788031463904,0.5393720192849346
sym,True,1.0,12,0.8,True,0.6145530145530146,0.5998961047923705,0.4479547263157821,0.5384714850633143
sym,True,1.0,12,1.0,False,0.6216216216216216,0.5950039280912137,0.45099156609277613,0.5391849061579513
sym,True,1.0,12,1.0,True,0.6182952182952183,0.5907288887286517,0.44751358161476734,0.5358183201944932
sym,True,1.0,12,1.2,False,0.6,0.5444465844252347,0.4099375984646127,0.47972687321061197
sym,True,1.0,12,1.2,True,0.5954261954261955,0.5396610908228427,0.4047528267454256,0.47874553465657027
sym,True,1.0,12,1.5,False,0.5688149688149688,0.4941608017721583,0.35583552615887926,0.4456146415432416
sym,True,1.0,12,1.5,True,0.5654885654885655,0.48392689960621293,0.3552965283559466,0.43873750634906267
sym,True,1.0,12,2.0,False,0.5625779625779626,0.480884509724879,0.34228218125036236,0.4384823714307124
sym,True,1.0,12,2.0,True,0.5501039501039501,0.46524816579040307,0.3336735953923025,0.42399640416355655
sym,True,1.0,16,0.2,False,0.6103950103950104,0.5973189102493236,0.44335780711964223,0.5368403170250476
sym,True,1.0,16,0.2,True,0.6103950103950104,0.5973189102493236,0.44335780711964223,0.5368403170250476
sym,True,1.0,16,0.5,False,0.6103950103950104,0.5973189102493236,0.44335780711964223,0.5368403170250476
sym,True,1.0,16,0.5,True,0.6103950103950104,0.5973189102493236,0.44335780711964223,0.5368403170250476
sym,True,1.0,16,0.8,False,0.6162162162162163,0.5999712975553673,0.45014776550706037,0.5388909927237656
sym,True,1.0,16,0.8,True,0.6145530145530146,0.5998961047923705,0.4479547263157821,0.5384714850633143
sym,True,1.0,16,1.0,False,0.6182952182952183,0.5877413675602573,0.4451866931922847,0.5044647999125825
sym,True,1.0,16,1.0,True,0.6166320166320166,0.5847073919628881,0.4427301877205699,0.5339651561881799
sym,True,1.0,16,1.2,False,0.5875259875259875,0.5173158598887101,0.38192053741322574,0.4601348647105277
sym,True,1.0,16,1.2,True,0.5866943866943867,0.517547975665483,0.385997864062856,0.4587803886099593
sym,True,1.0,16,1.5,False,0.548024948024948,0.4705940769145704,0.323057727357438,0.42291831671942504
sym,True,1.0,16,1.5,True,0.5413721413721414,0.4550270280460527,0.31799347598600725,0.4114183733148314
sym,True,1.0,16,2.0,False,0.5355509355509356,0.4626961748950735,0.30606536079621594,0.40427051357829386
sym,True,1.0,16,2.0,True,0.5326403326403326,0.4432164462554858,0.30389076590114783,0.3997988160442643
sym,True,1.0,20,0.2,False,0.6103950103950104,0.5973189102493236,0.44335780711964223,0.5368403170250476
sym,True,1.0,20,0.2,True,0.6103950103950104,0.5973189102493236,0.44335780711964223,0.5368403170250476
sym,True,1.0,20,0.5,False,0.6103950103950104,0.5973189102493236,0.44335780711964223,0.5368403170250476
sym,True,1.0,20,0.5,True,0.6103950103950104,0.5973189102493236,0.44335780711964223,0.5368403170250476
sym,True,1.0,20,0.8,False,0.6162162162162163,0.5999712975553673,0.45014776550706037,0.5388909927237656
sym,True,1.0,20,0.8,True,0.6145530145530146,0.5998961047923705,0.4479547263157821,0.5384714850633143
sym,True,1.0,20,1.0,False,0.6170478170478171,0.5825833339784956,0.4400819384547859,0.5022614709988813
sym,True,1.0,20,1.0,True,0.614968814968815,0.5791382226167755,0.4385297349820165,0.501440166497519
sym,True,1.0,20,1.2,False,0.5758835758835759,0.5022140817221068,0.35668744204311664,0.44713405023868813
sym,True,1.0,20,1.2,True,0.5663201663201664,0.48039707500182466,0.34924787386589856,0.46056622399064334
sym,True,1.0,20,1.5,False,0.5226611226611226,0.4490522786155993,0.28700309717267203,0.3928117682404795
sym,True,1.0,20,1.5,True,0.5122661122661123,0.43013502570229273,0.2838107453894446,0.3821487858468619
sym,True,1.0,20,2.0,False,0.5135135135135135,0.4415864932753731,0.27673284196652065,0.37870977173676323
sym,True,1.0,20,2.0,True,0.4993762993762994,0.4226680398439061,0.27569014359467864,0.36681232589233403
sym,True,1.0,24,0.2,False,0.6103950103950104,0.5973189102493236,0.44335780711964223,0.5368403170250476
sym,True,1.0,24,0.2,True,0.6103950103950104,0.5973189102493236,0.44335780711964223,0.5368403170250476
sym,True,1.0,24,0.5,False,0.6103950103950104,0.5973189102493236,0.44335780711964223,0.5368403170250476
sym,True,1.0,24,0.5,True,0.6103950103950104,0.5973189102493236,0.44335780711964223,0.5368403170250476
sym,True,1.0,24,0.8,False,0.6162162162162163,0.5999712975553673,0.45014776550706037,0.5388909927237656
sym,True,1.0,24,0.8,True,0.6145530145530146,0.5998961047923705,0.4479547263157821,0.5384714850633143
sym,True,1.0,24,1.0,False,0.6158004158004158,0.5780186783101176,0.4378349960525925,0.4990281070314395
sym,True,1.0,24,1.0,True,0.6145530145530146,0.5764547565018941,0.43631336084735184,0.4995111154483808
sym,True,1.0,24,1.2,False,0.5438669438669439,0.4702815705892771,0.31281482201899213,0.40993964508700725
sym,True,1.0,24,1.2,True,0.548024948024948,0.4575927168050327,0.3175975631759007,0.4127898577631648
sym,True,1.0,24,1.5,False,0.5264033264033264,0.4327626876871843,0.26987281341491764,0.3759621788340983
sym,True,1.0,24,1.5,True,0.4864864864864865,0.41292962179651643,0.2610307802427118,0.3805573260686476
sym,True,1.0,24,2.0,False,0.5288981288981289,0.43045118898343326,0.2676990506080579,0.37349352865550617
sym,True,1.0,24,2.0,True,0.48232848232848236,0.41093040604015413,0.258031484920293,0.3459528724322507
sym,True,1.0,32,0.2,False,0.6103950103950104,0.5973189102493236,0.44335780711964223,0.5368403170250476
sym,True,1.0,32,0.2,True,0.6103950103950104,0.5973189102493236,0.44335780711964223,0.5368403170250476
sym,True,1.0,32,0.5,False,0.6103950103950104,0.5973189102493236,0.44335780711964223,0.5368403170250476
sym,True,1.0,32,0.5,True,0.6103950103950104,0.5973189102493236,0.44335780711964223,0.5368403170250476
sym,True,1.0,32,0.8,False,0.6162162162162163,0.5999712975553673,0.45014776550706037,0.5388909927237656
sym,True,1.0,32,0.8,True,0.6145530145530146,0.5998961047923705,0.4479547263157821,0.5384714850633143
sym,True,1.0,32,1.0,False,0.6137214137214138,0.573826442912158,0.4336050439789889,0.4942377269850326
sym,True,1.0,32,1.0,True,0.6137214137214138,0.5712224881861175,0.4317022651173352,0.49639115019448776
sym,True,1.0,32,1.2,False,0.5313929313929314,0.4359474066030129,0.2641783968137179,0.39202160892520377
sym,True,1.0,32,1.2,True,0.49064449064449067,0.41957098781568475,0.260249067312594,0.34862798863851713
sym,True,1.0,32,1.5,False,0.5018711018711018,0.4070214386584401,0.2248694633612864,0.3645905619309474
sym,True,1.0,32,1.5,True,0.4731808731808732,0.4001116089905864,0.23348258780055597,0.3403764696156638
sym,True,1.0,32,2.0,False,0.4964656964656965,0.4032391275100021,0.21933923456583423,0.36037771959723264
sym,True,1.0,32,2.0,True,0.46652806652806655,0.3943576668671041,0.22658533715677867,0.33633107855076033
sym,True,2.0,1,0.2,False,0.6103950103950104,0.5973189102493236,0.44335780711964223,0.5368403170250476
sym,True,2.0,1,0.2,True,0.6103950103950104,0.5973189102493236,0.44335780711964223,0.5368403170250476
sym,True,2.0,1,0.5,False,0.6103950103950104,0.5973189102493236,0.44335780711964223,0.5368403170250476
sym,True,2.0,1,0.5,True,0.6103950103950104,0.5973189102493236,0.44335780711964223,0.5368403170250476
sym,True,2.0,1,0.8,False,0.6103950103950104,0.5973189102493236,0.44335780711964223,0.5368403170250476
sym,True,2.0,1,0.8,True,0.6103950103950104,0.5973189102493236,0.44335780711964223,0.5368403170250476
sym,True,2.0,1,1.0,False,0.6103950103950104,0.5973189102493236,0.44335780711964223,0.5368403170250476
sym,True,2.0,1,1.0,True,0.6103950103950104,0.5973189102493236,0.44335780711964223,0.5368403170250476
sym,True,2.0,1,1.2,False,0.6108108108108108,0.5975111033669221,0.4436792323049463,0.5371365302678053
sym,True,2.0,1,1.2,True,0.6112266112266113,0.5977081646180238,0.4440073609709562,0.5374308616450195
sym,True,2.0,1,1.5,False,0.6124740124740125,0.59863421774104,0.4454301875708304,0.5381193328519269
sym,True,2.0,1,1.5,True,0.6120582120582121,0.5977726497152286,0.4449043344889547,0.5376627493460503
sym,True,2.0,1,2.0,False,0.6137214137214138,0.5985293509449451,0.446746225235686,0.5387127219430388
sym,True,2.0,1,2.0,True,0.6116424116424116,0.5955752116501378,0.4437442962625976,0.5373772049331987
sym,True,2.0,2,0.2,False,0.6103950103950104,0.5973189102493236,0.44335780711964223,0.5368403170250476
sym,True,2.0,2,0.2,True,0.6103950103950104,0.5973189102493236,0.44335780711964223,0.5368403170250476
sym,True,2.0,2,0.5,False,0.6103950103950104,0.5973189102493236,0.44335780711964223,0.5368403170250476
sym,True,2.0,2,0.5,True,0.6103950103950104,0.5973189102493236,0.44335780711964223,0.5368403170250476
sym,True,2.0,2,0.8,False,0.6112266112266113,0.5977081646180238,0.4440073609709562,0.5374308616450195
sym,True,2.0,2,0.8,True,0.6116424116424116,0.5979102609709578,0.44434218971977557,0.5377233409752835
sym,True,2.0,2,1.0,False,0.6141372141372141,0.6004826620862033,0.44760493165784193,0.5391362083891987
sym,True,2.0,2,1.0,True,0.6124740124740125,0.5982198925576088,0.4452483720133675,0.5378796706686813
sym,True,2.0,2,1.2,False,0.6137214137214138,0.5979273558191232,0.4466578737747507,0.5386055283370142
sym,True,2.0,2,1.2,True,0.6133056133056133,0.5985150061654776,0.44625860256954664,0.5381733423113251
sym,True,2.0,2,1.5,False,0.6158004158004158,0.5995308289723331,0.4495560569854641,0.5386937226238989
sym,True,2.0,2,1.5,True,0.6137214137214138,0.5989114623921029,0.4471179146533203,0.5375945440011809
sym,True,2.0,2,2.0,False,0.6178794178794179,0.6007294650643931,0.4511294533264301,0.5387429517832832
sym,True,2.0,2,2.0,True,0.6153846153846154,0.5994416391280196,0.4486349327782855,0.5374258331073902
sym,True,2.0,3,0.2,False,0.6103950103950104,0.5973189102493236,0.44335780711964223,0.5368403170250476
sym,True,2.0,3,0.2,True,0.6103950103950104,0.5973189102493236,0.44335780711964223,0.5368403170250476
sym,True,2.0,3,0.5,False,0.6103950103950104,0.5973189102493236,0.44335780711964223,0.5368403170250476
sym,True,2.0,3,0.5,True,0.6103950103950104,0.5973189102493236,0.44335780711964223,0.5368403170250476
sym,True,2.0,3,0.8,False,0.6141372141372141,0.6004826620862033,0.44760493165784193,0.5391362083891987
sym,True,2.0,3,0.8,True,0.6124740124740125,0.5982198925576088,0.4452483720133675,0.5378796706686813
sym,True,2.0,3,1.0,False,0.6162162162162163,0.6006260224485976,0.4500383467695398,0.539556178312286
sym,True,2.0,3,1.0,True,0.6133056133056133,0.5985150061654776,0.44625860256954664,0.5381733423113251
sym,True,2.0,3,1.2,False,0.6174636174636174,0.6006210476231911,0.45140618772870955,0.5389736335261291
sym,True,2.0,3,1.2,True,0.6145530145530146,0.5997191641749131,0.44822061041543837,0.5379756203286886
sym,True,2.0,3,1.5,False,0.6191268191268191,0.6010445598839163,0.45200092724006957,0.5392885750309435
sym,True,2.0,3,1.5,True,0.6153846153846154,0.5969427748852311,0.44749802678569095,0.5368963082462616
sym,True,2.0,3,2.0,False,0.6182952182952183,0.5943774917098933,0.45054895484701474,0.536006696483784
sym,True,2.0,3,2.0,True,0.6153846153846154,0.5921279134048341,0.44419103410240507,0.5373766612808756
sym,True,2.0,4,0.2,False,0.6103950103950104,0.5973189102493236,0.44335780711964223,0.5368403170250476
sym,True,2.0,4,0.2,True,0.6103950103950104,0.5973189102493236,0.44335780711964223,0.5368403170250476
sym,True,2.0,4,0.5,False,0.6103950103950104,0.5973189102493236,0.44335780711964223,0.5368403170250476
sym,True,2.0,4,0.5,True,0.6103950103950104,0.5973189102493236,0.44335780711964223,0.5368403170250476
sym,True,2.0,4,0.8,False,0.6141372141372141,0.5997630253784562,0.4475722157179,0.5389668336170087
sym,True,2.0,4,0.8,True,0.6120582120582121,0.5974097761924183,0.444705204830379,0.5374299320548035
sym,True,2.0,4,1.0,False,0.6166320166320166,0.6002983793668497,0.4506492134828677,0.5390867149720726
sym,True,2.0,4,1.0,True,0.6141372141372141,0.5993576869873591,0.4477078435075096,0.5378011550212312
sym,True,2.0,4,1.2,False,0.6187110187110187,0.6007663863198515,0.4518535585391527,0.5391140060583517
sym,True,2.0,4,1.2,True,0.6153846153846154,0.5974036013026519,0.44836345802911654,0.5367352085309767
sym,True,2.0,4,1.5,False,0.6207900207900208,0.5963060235677055,0.4527793434553612,0.5379431629465676
sym,True,2.0,4,1.5,True,0.6162162162162163,0.5926584277476743,0.4448614661125815,0.5377332715229257
sym,True,2.0,4,2.0,False,0.6166320166320166,0.5862669459251976,0.4429047929522034,0.5359079087525823
sym,True,2.0,4,2.0,True,0.6141372141372141,0.5838881882692898,0.44001160597043104,0.5349907093254442
sym,True,2.0,5,0.2,False,0.6103950103950104,0.5973189102493236,0.44335780711964223,0.5368403170250476
sym,True,2.0,5,0.2,True,0.6103950103950104,0.5973189102493236,0.44335780711964223,0.5368403170250476
sym,True,2.0,5,0.5,False,0.6103950103950104,0.5973189102493236,0.44335780711964223,0.5368403170250476
sym,True,2.0,5,0.5,True,0.6103950103950104,0.5973189102493236,0.44335780711964223,0.5368403170250476
sym,True,2.0,5,0.8,False,0.6145530145530146,0.6001865008384276,0.44814859658651734,0.539022286457711
sym,True,2.0,5,0.8,True,0.6128898128898129,0.5985477887888563,0.44593119369089385,0.5379071689269198
sym,True,2.0,5,1.0,False,0.6182952182952183,0.6011823114664527,0.4526905160188754,0.5391992865712422
sym,True,2.0,5,1.0,True,0.6145530145530146,0.5970101662112244,0.44698095060407517,0.5370946675779591
sym,True,2.0,5,1.2,False,0.6191268191268191,0.5971689845698334,0.45025596522082395,0.5389993486885045
sym,True,2.0,5,1.2,True,0.6174636174636174,0.5953093447955663,0.4475261510551143,0.5388675688463322
sym,True,2.0,5,1.5,False,0.6191268191268191,0.5911236450852041,0.4466712856018046,0.5388168995452186
sym,True,2.0,5,1.5,True,0.6158004158004158,0.5867985877399804,0.44311856434913377,0.5362210328225407
sym,True,2.0,5,2.0,False,0.6079002079002079,0.5652969704126063,0.42534121276900033,0.527151421120492
sym,True,2.0,5,2.0,True,0.6045738045738046,0.5641595348522814,0.42338868428348225,0.5266415874776684
sym,True,2.0,6,0.2,False,0.6103950103950104,0.5973189102493236,0.44335780711964223,0.5368403170250476
sym,True,2.0,6,0.2,True,0.6103950103950104,0.5973189102493236,0.44335780711964223,0.5368403170250476
sym,True,2.0,6,0.5,False,0.6103950103950104,0.5973189102493236,0.44335780711964223,0.5368403170250476
sym,True,2.0,6,0.5,True,0.6103950103950104,0.5973189102493236,0.44335780711964223,0.5368403170250476
sym,True,2.0,6,0.8,False,0.614968814968815,0.5991366328765984,0.44853066015524357,0.539067122621303
sym,True,2.0,6,0.8,True,0.6137214137214138,0.5994522304001081,0.4468981748927529,0.5384345076572035
sym,True,2.0,6,1.0,False,0.6178794178794179,0.6001714682175641,0.4514346097768676,0.5388425316158066
sym,True,2.0,6,1.0,True,0.6158004158004158,0.5977539184911304,0.4487895880222015,0.5376149654711068
sym,True,2.0,6,1.2,False,0.6199584199584199,0.5946383404527765,0.4504857846550219,0.5383292668228181
sym,True,2.0,6,1.2,True,0.6170478170478171,0.590945501621028,0.44638123711776284,0.5358091186429134
sym,True,2.0,6,1.5,False,0.6116424116424116,0.5732384367905468,0.43310279413124597,0.49845316909163784
sym,True,2.0,6,1.5,True,0.6083160083160083,0.571304592247633,0.42976414576567057,0.5263110824335472
sym,True,2.0,6,2.0,False,0.6008316008316008,0.5496720497887674,0.41477361505694366,0.4868535493322561
sym,True,2.0,6,2.0,True,0.5970893970893971,0.5466391377556075,0.41123755999872147,0.5170889707106026
sym,True,2.0,8,0.2,False,0.6103950103950104,0.5973189102493236,0.44335780711964223,0.5368403170250476
sym,True,2.0,8,0.2,True,0.6103950103950104,0.5973189102493236,0.44335780711964223,0.5368403170250476
sym,True,2.0,8,0.5,False,0.6103950103950104,0.5973189102493236,0.44335780711964223,0.5368403170250476
sym,True,2.0,8,0.5,True,0.6103950103950104,0.5973189102493236,0.44335780711964223,0.5368403170250476
sym,True,2.0,8,0.8,False,0.6158004158004158,0.6005765616832914,0.4497988105905114,0.5391415526821295
sym,True,2.0,8,0.8,True,0.6137214137214138,0.5989437640152715,0.44684728903382076,0.5383893723824248
sym,True,2.0,8,1.0,False,0.6191268191268191,0.5980302545317747,0.4507404518445809,0.5392146936986487
sym,True,2.0,8,1.0,True,0.6166320166320166,0.5956215637171982,0.4475050213664036,0.5386643651291007
sym,True,2.0,8,1.2,False,0.6158004158004158,0.5821580850172073,0.4405478425371216,0.5031092067072391
sym,True,2.0,8,1.2,True,0.6124740124740125,0.5816108335861894,0.4374814666838411,0.5023455613192573
sym,True,2.0,8,1.5,False,0.6024948024948025,0.5506628879937223,0.4155758305028697,0.4866450121464333
sym,True,2.0,8,1.5,True,0.5987525987525988,0.5465054475402928,0.41089583709279026,0.48550315708728076
sym,True,2.0,8,2.0,False,0.5846153846153846,0.5248088032982055,0.38990829419361667,0.4645062443093421
sym,True,2.0,8,2.0,True,0.582952182952183,0.5225837054243546,0.3875170964889086,0.5015349476874711
sym,True,2.0,10,0.2,False,0.6103950103950104,0.5973189102493236,0.44335780711964223,0.5368403170250476
sym,True,2.0,10,0.2,True,0.6103950103950104,0.5973189102493236,0.44335780711964223,0.5368403170250476
sym,True,2.0,10,0.5,False,0.6103950103950104,0.5973189102493236,0.44335780711964223,0.5368403170250476
sym,True,2.0,10,0.5,True,0.6103950103950104,0.5973189102493236,0.44335780711964223,0.5368403170250476
sym,True,2.0,10,0.8,False,0.6166320166320166,0.6012477545558274,0.4508125579208653,0.5395991431826789
sym,True,2.0,10,0.8,True,0.6137214137214138,0.5989477559418225,0.44667505540209845,0.5383596789935677
sym,True,2.0,10,1.0,False,0.6207900207900208,0.5988660189758022,0.452475161346001,0.5386801654518518
sym,True,2.0,10,1.0,True,0.6170478170478171,0.5938731739460131,0.44690843443706085,0.5376836138727455
sym,True,2.0,10,1.2,False,0.6112266112266113,0.5689445025368672,0.4303919850018559,0.496902083809775
sym,True,2.0,10,1.2,True,0.6070686070686071,0.5648464643791881,0.42618366400436125,0.4941878430012203
sym,True,2.0,10,1.5,False,0.5871101871101871,0.5267715585247198,0.3922404539104559,0.4672822136861481
sym,True,2.0,10,1.5,True,0.5862785862785863,0.5236951240043832,0.39101392274086544,0.46808445798088005
sym,True,2.0,10,2.0,False,0.572972972972973,0.502460121616486,0.3673962089104852,0.452821806289505
sym,True,2.0,10,2.0,True,0.5696465696465697,0.4959519986985279,0.3645546070053868,0.44908845421979326
sym,True,2.0,12,0.2,False,0.6103950103950104,0.5973189102493236,0.44335780711964223,0.5368403170250476
sym,True,2.0,12,0.2,True,0.6103950103950104,0.5973189102493236,0.44335780711964223,0.5368403170250476
sym,True,2.0,12,0.5,False,0.6103950103950104,0.5973189102493236,0.44335780711964223,0.5368403170250476
sym,True,2.0,12,0.5,True,0.6103950103950104,0.5973189102493236,0.44335780711964223,0.5368403170250476
sym,True,2.0,12,0.8,False,0.6170478170478171,0.6014575292404561,0.4514148254465323,0.539749273843946
sym,True,2.0,12,0.8,True,0.6141372141372141,0.5992857731281805,0.44718066905734133,0.5385434505393307
sym,True,2.0,12,1.0,False,0.6224532224532224,0.5975482347254056,0.45441186055947563,0.5384110542723419
sym,True,2.0,12,1.0,True,0.6166320166320166,0.590839184360127,0.4461147390238502,0.5362378313305204
sym,True,2.0,12,1.2,False,0.6070686070686071,0.556613290354609,0.4218934539657801,0.4885788635265842
sym,True,2.0,12,1.2,True,0.6016632016632016,0.5518722885602448,0.41488897097121896,0.4866760155281767
sym,True,2.0,12,1.5,False,0.5771309771309772,0.5083627366920338,0.3726143545768435,0.4545319507955818
sym,True,2.0,12,1.5,True,0.5725571725571725,0.5023732777801537,0.3699229026968788,0.45076645944666865
sym,True,2.0,12,2.0,False,0.5667359667359667,0.48965976464458555,0.3515878997854831,0.4427868064237046
sym,True,2.0,12,2.0,True,0.5584199584199584,0.4783222552982314,0.34942512487239763,0.43309585377968257
sym,True,2.0,16,0.2,False,0.6103950103950104,0.5973189102493236,0.44335780711964223,0.5368403170250476
sym,True,2.0,16,0.2,True,0.6103950103950104,0.5973189102493236,0.44335780711964223,0.5368403170250476
sym,True,2.0,16,0.5,False,0.6103950103950104,0.5973189102493236,0.44335780711964223,0.5368403170250476
sym,True,2.0,16,0.5,True,0.6103950103950104,0.5973189102493236,0.44335780711964223,0.5368403170250476
sym,True,2.0,16,0.8,False,0.6170478170478171,0.6014575292404561,0.4514148254465323,0.539749273843946
sym,True,2.0,16,0.8,True,0.6141372141372141,0.5995552553342928,0.44728066407796563,0.5383342236564043
sym,True,2.0,16,1.0,False,0.6207900207900208,0.5927056921925349,0.4489801443501363,0.5380687065929908
sym,True,2.0,16,1.0,True,0.6174636174636174,0.5866961023530061,0.4456884576633503,0.5344490958153798
sym,True,2.0,16,1.2,False,0.5896049896049896,0.5271340479176326,0.39090604041440136,0.4661846292998033
sym,True,2.0,16,1.2,True,0.5883575883575883,0.5232910892578629,0.3911347658201319,0.46527744165730783
sym,True,2.0,16,1.5,False,0.5604989604989605,0.4816207330360215,0.3409380826430629,0.43581839018824775
sym,True,2.0,16,1.5,True,0.5513513513513514,0.4684720005398249,0.33573131529596795,0.42185628668309
sym,True,2.0,16,2.0,False,0.5484407484407484,0.47346199906873365,0.3264616053920631,0.42570313769233104
sym,True,2.0,16,2.0,True,0.5413721413721414,0.45446905666213255,0.3192275882360023,0.4120817063239847
sym,True,2.0,20,0.2,False,0.6103950103950104,0.5973189102493236,0.44335780711964223,0.5368403170250476
sym,True,2.0,20,0.2,True,0.6103950103950104,0.5973189102493236,0.44335780711964223,0.5368403170250476
sym,True,2.0,20,0.5,False,0.6103950103950104,0.5973189102493236,0.44335780711964223,0.5368403170250476
sym,True,2.0,20,0.5,True,0.6103950103950104,0.5973189102493236,0.44335780711964223,0.5368403170250476
sym,True,2.0,20,0.8,False,0.6166320166320166,0.6005971290675786,0.45090074547862513,0.5392899937158371
sym,True,2.0,20,0.8,True,0.6141372141372141,0.5995552553342928,0.44728066407796563,0.5383342236564043
sym,True,2.0,20,1.0,False,0.6178794178794179,0.5836557401388783,0.4415395159212393,0.5347981111038829
sym,True,2.0,20,1.0,True,0.6166320166320166,0.5828440717809885,0.44206190576574983,0.5320840151819017
sym,True,2.0,20,1.2,False,0.5792099792099792,0.505023439109553,0.3659411077486619,0.44975967073468337
sym,True,2.0,20,1.2,True,0.5717255717255717,0.4967412289986612,0.3630233687523007,0.4421386939986675
sym,True,2.0,20,1.5,False,0.5372141372141372,0.4630161656947447,0.3110548737543193,0.4035220385344766
sym,True,2.0,20,1.5,True,0.5322245322245323,0.44639180638231574,0.3056601565663469,0.3983726292829376
sym,True,2.0,20,2.0,False,0.5255717255717256,0.4501492312174516,0.2935971708508587,0.3950932200521218
sym,True,2.0,20,2.0,True,0.5164241164241165,0.4341245053429822,0.291861603801445,0.38578331654691184
sym,True,2.0,24,0.2,False,0.6103950103950104,0.5973189102493236,0.44335780711964223,0.5368403170250476
sym,True,2.0,24,0.2,True,0.6103950103950104,0.5973189102493236,0.44335780711964223,0.5368403170250476
sym,True,2.0,24,0.5,False,0.6103950103950104,0.5973189102493236,0.44335780711964223,0.5368403170250476
sym,True,2.0,24,0.5,True,0.6103950103950104,0.5973189102493236,0.44335780711964223,0.5368403170250476
sym,True,2.0,24,0.8,False,0.6166320166320166,0.6005129411414111,0.4507739635440486,0.5393157888321006
sym,True,2.0,24,0.8,True,0.6141372141372141,0.5995552553342928,0.44728066407796563,0.5383342236564043
sym,True,2.0,24,1.0,False,0.6174636174636174,0.5821650713006189,0.4394491615469526,0.502876782613728
sym,True,2.0,24,1.0,True,0.6162162162162163,0.5785183653136579,0.43934877912519343,0.5307402900784719
sym,True,2.0,24,1.2,False,0.5567567567567567,0.4831200800751032,0.3321910341378736,0.4238787086151014
sym,True,2.0,24,1.2,True,0.5555093555093555,0.46747591098389385,0.33301018163206875,0.41972644490160804
sym,True,2.0,24,1.5,False,0.5214137214137214,0.44204627689759585,0.28276886419553476,0.3816035044098578
sym,True,2.0,24,1.5,True,0.5031185031185031,0.4249560683584579,0.2811145890581834,0.37140456560403295
sym,True,2.0,24,2.0,False,0.5272349272349273,0.4393284744380871,0.28048691876401477,0.3788193409158167
sym,True,2.0,24,2.0,True,0.4972972972972973,0.4231921656846315,0.27504023455471843,0.365487887510642
sym,True,2.0,32,0.2,False,0.6103950103950104,0.5973189102493236,0.44335780711964223,0.5368403170250476
sym,True,2.0,32,0.2,True,0.6103950103950104,0.5973189102493236,0.44335780711964223,0.5368403170250476
sym,True,2.0,32,0.5,False,0.6103950103950104,0.5973189102493236,0.44335780711964223,0.5368403170250476
sym,True,2.0,32,0.5,True,0.6103950103950104,0.5973189102493236,0.44335780711964223,0.5368403170250476
sym,True,2.0,32,0.8,False,0.6162162162162163,0.5999155050573728,0.450205319841029,0.5389719657181482
sym,True,2.0,32,0.8,True,0.6141372141372141,0.5995552553342928,0.44728066407796563,0.5383342236564043
sym,True,2.0,32,1.0,False,0.6158004158004158,0.5780662963710863,0.43757561575731546,0.4989827098581554
sym,True,2.0,32,1.0,True,0.6137214137214138,0.5721530347706603,0.4320765850776177,0.49710997683657454
sym,True,2.0,32,1.2,False,0.5388773388773389,0.44834953307809877,0.28318665279326005,0.3904732127043168
sym,True,2.0,32,1.2,True,0.4993762993762994,0.4284314349354598,0.27509700529941256,0.36961027986930717
sym,True,2.0,32,1.5,False,0.5226611226611226,0.42278374735303564,0.25095423850977033,0.37913700777966614
sym,True,2.0,32,1.5,True,0.4860706860706861,0.41025087123748455,0.25393806733333246,0.34632182170576076
sym,True,2.0,32,2.0,False,0.5172557172557173,0.4172787719072327,0.24192221453478033,0.3745675580979063
sym,True,2.0,32,2.0,True,0.4831600831600832,0.4062126995591972,0.2470874630159897,0.34576766650018903
sym,True,4.0,1,0.2,False,0.6103950103950104,0.5973189102493236,0.44335780711964223,0.5368403170250476
sym,True,4.0,1,0.2,True,0.6103950103950104,0.5973189102493236,0.44335780711964223,0.5368403170250476
sym,True,4.0,1,0.5,False,0.6103950103950104,0.5973189102493236,0.44335780711964223,0.5368403170250476
sym,True,4.0,1,0.5,True,0.6103950103950104,0.5973189102493236,0.44335780711964223,0.5368403170250476
sym,True,4.0,1,0.8,False,0.6103950103950104,0.5973189102493236,0.44335780711964223,0.5368403170250476
sym,True,4.0,1,0.8,True,0.6103950103950104,0.5973189102493236,0.44335780711964223,0.5368403170250476
sym,True,4.0,1,1.0,False,0.6103950103950104,0.5973189102493236,0.44335780711964223,0.5368403170250476
sym,True,4.0,1,1.0,True,0.6103950103950104,0.5973189102493236,0.44335780711964223,0.5368403170250476
sym,True,4.0,1,1.2,False,0.6103950103950104,0.5973189102493236,0.44335780711964223,0.5368403170250476
sym,True,4.0,1,1.2,True,0.6103950103950104,0.5973189102493236,0.44335780711964223,0.5368403170250476
sym,True,4.0,1,1.5,False,0.6108108108108108,0.5975111033669221,0.4436792323049463,0.5371365302678053
sym,True,4.0,1,1.5,True,0.6112266112266113,0.5977081646180238,0.4440073609709562,0.5374308616450195
sym,True,4.0,1,2.0,False,0.6120582120582121,0.5974086508860217,0.4446200028919613,0.53779697007941
sym,True,4.0,1,2.0,True,0.6120582120582121,0.5973267195604702,0.44465102238899157,0.5377182187417313
sym,True,4.0,2,0.2,False,0.6103950103950104,0.5973189102493236,0.44335780711964223,0.5368403170250476
sym,True,4.0,2,0.2,True,0.6103950103950104,0.5973189102493236,0.44335780711964223,0.5368403170250476
sym,True,4.0,2,0.5,False,0.6103950103950104,0.5973189102493236,0.44335780711964223,0.5368403170250476
sym,True,4.0,2,0.5,True,0.6103950103950104,0.5973189102493236,0.44335780711964223,0.5368403170250476
sym,True,4.0,2,0.8,False,0.6103950103950104,0.5973189102493236,0.44335780711964223,0.5368403170250476
sym,True,4.0,2,0.8,True,0.6112266112266113,0.5977081646180238,0.4440073609709562,0.5374308616450195
sym,True,4.0,2,1.0,False,0.6124740124740125,0.59863421774104,0.4454301875708304,0.5381193328519269
sym,True,4.0,2,1.0,True,0.6124740124740125,0.5982587052570094,0.44528512418989014,0.5380458151033523
sym,True,4.0,2,1.2,False,0.6141372141372141,0.5984626558229024,0.44726575694967863,0.5388522501355091
sym,True,4.0,2,1.2,True,0.6120582120582121,0.5972885648799262,0.44461742894708534,0.5375511754535608
sym,True,4.0,2,1.5,False,0.6145530145530146,0.5986980529439062,0.44802324476824107,0.5383991728639274
sym,True,4.0,2,1.5,True,0.6128898128898129,0.5975608759312866,0.44599515258178474,0.5377830319108589
sym,True,4.0,2,2.0,False,0.6162162162162163,0.598719804019518,0.4494103689453768,0.5386534003332965
sym,True,4.0,2,2.0,True,0.6133056133056133,0.5974307071885345,0.4458233774889354,0.5371351135845701
sym,True,4.0,3,0.2,False,0.6103950103950104,0.5973189102493236,0.44335780711964223,0.5368403170250476
sym,True,4.0,3,0.2,True,0.6103950103950104,0.5973189102493236,0.44335780711964223,0.5368403170250476
sym,True,4.0,3,0.5,False,0.6103950103950104,0.5973189102493236,0.44335780711964223,0.5368403170250476
sym,True,4.0,3,0.5,True,0.6103950103950104,0.5973189102493236,0.44335780711964223,0.5368403170250476
sym,True,4.0,3,0.8,False,0.6124740124740125,0.59863421774104,0.4454301875708304,0.5381193328519269
sym,True,4.0,3,0.8,True,0.6124740124740125,0.5988163161157506,0.44531773151562676,0.5383204709253913
sym,True,4.0,3,1.0,False,0.6137214137214138,0.598041738044741,0.44673978298989925,0.5384782327370214
sym,True,4.0,3,1.0,True,0.6120582120582121,0.5967900530402852,0.4443457841830867,0.5374849252851702
sym,True,4.0,3,1.2,False,0.614968814968815,0.5986917824853576,0.44854820286787184,0.5382247455318108
sym,True,4.0,3,1.2,True,0.6133056133056133,0.5982175544743492,0.446434598503229,0.5376057821092866
sym,True,4.0,3,1.5,False,0.6178794178794179,0.600243434146827,0.4507054592861183,0.5387113292982956
sym,True,4.0,3,1.5,True,0.6153846153846154,0.5980044496187225,0.4482077309753279,0.537292252279461
sym,True,4.0,3,2.0,False,0.6178794178794179,0.599891741029147,0.4514543107409381,0.5378738496580229
sym,True,4.0,3,2.0,True,0.614968814968815,0.5966520425934589,0.4474986364940804,0.5359619711903857
sym,True,4.0,4,0.2,False,0.6103950103950104,0.5973189102493236,0.44335780711964223,0.5368403170250476
sym,True,4.0,4,0.2,True,0.6103950103950104,0.5973189102493236,0.44335780711964223,0.5368403170250476
sym,True,4.0,4,0.5,False,0.6103950103950104,0.5973189102493236,0.44335780711964223,0.5368403170250476
sym,True,4.0,4,0.5,True,0.6103950103950104,0.5973189102493236,0.44335780711964223,0.5368403170250476
sym,True,4.0,4,0.8,False,0.6141372141372141,0.6004826620862033,0.44760493165784193,0.5391362083891987
sym,True,4.0,4,0.8,True,0.6120582120582121,0.5972885648799262,0.44461742894708534,0.5375511754535608
sym,True,4.0,4,1.0,False,0.6158004158004158,0.5998440785709819,0.4497630168880704,0.5388577737888484
sym,True,4.0,4,1.0,True,0.6137214137214138,0.5982505111229538,0.4468054184071365,0.538224730992063
sym,True,4.0,4,1.2,False,0.6178794178794179,0.6013216005030495,0.45188406207247894,0.5387487899871246
sym,True,4.0,4,1.2,True,0.6153846153846154,0.5986303247314421,0.4487444194941585,0.5374228232134489
sym,True,4.0,4,1.5,False,0.6182952182952183,0.5993044163582675,0.45179748742417974,0.5382781160426778
sym,True,4.0,4,1.5,True,0.6158004158004158,0.5962706133571514,0.4481825698650746,0.5363949539101038
sym,True,4.0,4,2.0,False,0.6174636174636174,0.5928628766898232,0.4484882408630549,0.5352349746232882
sym,True,4.0,4,2.0,True,0.6153846153846154,0.5903911222846565,0.44495687007531276,0.5352689488757297
sym,True,4.0,5,0.2,False,0.6103950103950104,0.5973189102493236,0.44335780711964223,0.5368403170250476
sym,True,4.0,5,0.2,True,0.6103950103950104,0.5973189102493236,0.44335780711964223,0.5368403170250476
sym,True,4.0,5,0.5,False,0.6103950103950104,0.5973189102493236,0.44335780711964223,0.5368403170250476
sym,True,4.0,5,0.5,True,0.6103950103950104,0.5973189102493236,0.44335780711964223,0.5368403170250476
sym,True,4.0,5,0.8,False,0.6145530145530146,0.6000721891491259,0.44806659044577474,0.5391495820577038
sym,True,4.0,5,0.8,True,0.6124740124740125,0.5979321399046909,0.4450889930607399,0.5378101636503099
sym,True,4.0,5,1.0,False,0.6162162162162163,0.5992133868527201,0.4499520810660659,0.5386526739441462
sym,True,4.0,5,1.0,True,0.6141372141372141,0.5985359283407817,0.4473283774557556,0.5375575952286146
sym,True,4.0,5,1.2,False,0.6187110187110187,0.6003168239865172,0.45134315177594697,0.5389890458325771
sym,True,4.0,5,1.2,True,0.6145530145530146,0.5959715054920149,0.44660224499420886,0.5361600548217461
sym,True,4.0,5,1.5,False,0.6187110187110187,0.5926316362852609,0.4501443131056593,0.5356652092345411
sym,True,4.0,5,1.5,True,0.6162162162162163,0.5908441318517615,0.4451672369702608,0.5358547878963305
sym,True,4.0,5,2.0,False,0.6170478170478171,0.5847220630064255,0.44251442028789,0.5349736284580655
sym,True,4.0,5,2.0,True,0.6124740124740125,0.5815924716291468,0.43757477398289785,0.5343037627239515
sym,True,4.0,6,0.2,False,0.6103950103950104,0.5973189102493236,0.44335780711964223,0.5368403170250476
sym,True,4.0,6,0.2,True,0.6103950103950104,0.5973189102493236,0.44335780711964223,0.5368403170250476
sym,True,4.0,6,0.5,False,0.6103950103950104,0.5973189102493236,0.44335780711964223,0.5368403170250476
sym,True,4.0,6,0.5,True,0.6103950103950104,0.5973189102493236,0.44335780711964223,0.5368403170250476
sym,True,4.0,6,0.8,False,0.6145530145530146,0.6001865008384276,0.44814859658651734,0.539022286457711
sym,True,4.0,6,0.8,True,0.6124740124740125,0.5978575591040863,0.4451771728433614,0.5377444770797254
sym,True,4.0,6,1.0,False,0.6182952182952183,0.601379732642864,0.4525371489574115,0.5391434711929788
sym,True,4.0,6,1.0,True,0.6153846153846154,0.5983272095299775,0.4479157800694199,0.5375765382253569
sym,True,4.0,6,1.2,False,0.6178794178794179,0.5971523642186343,0.4500685575062325,0.5376670262781728
sym,True,4.0,6,1.2,True,0.6158004158004158,0.593888103566566,0.44674905251512437,0.5363728762600434
sym,True,4.0,6,1.5,False,0.6170478170478171,0.5886151272800403,0.4447353651732179,0.5352000154518765
sym,True,4.0,6,1.5,True,0.6153846153846154,0.5867482400100339,0.443514278882754,0.5339174009849694
sym,True,4.0,6,2.0,False,0.6108108108108108,0.5728375858697775,0.4312739174135974,0.5300391509824585
sym,True,4.0,6,2.0,True,0.6079002079002079,0.5684079399869887,0.4257481457472541,0.5304076842142095
sym,True,4.0,8,0.2,False,0.6103950103950104,0.5973189102493236,0.44335780711964223,0.5368403170250476
sym,True,4.0,8,0.2,True,0.6103950103950104,0.5973189102493236,0.44335780711964223,0.5368403170250476
sym,True,4.0,8,0.5,False,0.6103950103950104,0.5973189102493236,0.44335780711964223,0.5368403170250476
sym,True,4.0,8,0.5,True,0.6103950103950104,0.5973189102493236,0.44335780711964223,0.5368403170250476
sym,True,4.0,8,0.8,False,0.6145530145530146,0.5987752926693488,0.44772643899869674,0.5390174141029911
sym,True,4.0,8,0.8,True,0.6133056133056133,0.5988765198809133,0.44643271295614934,0.5380905444685142
sym,True,4.0,8,1.0,False,0.6182952182952183,0.6011776623777939,0.4518651159891231,0.5388663711990559
sym,True,4.0,8,1.0,True,0.6162162162162163,0.5978477547174258,0.4495628095044602,0.5372383689297457
sym,True,4.0,8,1.2,False,0.6187110187110187,0.5916636486508641,0.4477248127589596,0.5372718690131295
sym,True,4.0,8,1.2,True,0.6162162162162163,0.5892633926013482,0.4459752169650396,0.5342048623350176
sym,True,4.0,8,1.5,False,0.6103950103950104,0.5684500583752377,0.42863187617896226,0.5280786332011149
sym,True,4.0,8,1.5,True,0.604989604989605,0.5646939787265305,0.42276127911061634,0.5228299494438726
sym,True,4.0,8,2.0,False,0.6,0.548764267983415,0.4129174257649219,0.4846308749103632
sym,True,4.0,8,2.0,True,0.5954261954261955,0.5443800363088147,0.40709106142185575,0.5135885460058396
sym,True,4.0,10,0.2,False,0.6103950103950104,0.5973189102493236,0.44335780711964223,0.5368403170250476
sym,True,4.0,10,0.2,True,0.6103950103950104,0.5973189102493236,0.44335780711964223,0.5368403170250476
sym,True,4.0,10,0.5,False,0.6103950103950104,0.5973189102493236,0.44335780711964223,0.5368403170250476
sym,True,4.0,10,0.5,True,0.6103950103950104,0.5973189102493236,0.44335780711964223,0.5368403170250476
sym,True,4.0,10,0.8,False,0.6153846153846154,0.5996527957890729,0.4489063451990215,0.5394492880929824
sym,True,4.0,10,0.8,True,0.6128898128898129,0.5979386877682364,0.44579196571748986,0.537829633740277
sym,True,4.0,10,1.0,False,0.6187110187110187,0.5975859041356428,0.4497835885667652,0.5392490971727836
sym,True,4.0,10,1.0,True,0.6166320166320166,0.595101721682783,0.4480718654570501,0.5372547712160488
sym,True,4.0,10,1.2,False,0.6158004158004158,0.5811486435115998,0.4395191215246302,0.5337678806105147
sym,True,4.0,10,1.2,True,0.6116424116424116,0.5765591075999525,0.4340020813724231,0.5317346663060544
sym,True,4.0,10,1.5,False,0.6024948024948025,0.5499384793247677,0.4155024067590956,0.48468760872929295
sym,True,4.0,10,1.5,True,0.597920997920998,0.545486530307024,0.4080676541258831,0.48249275151946974
sym,True,4.0,10,2.0,False,0.5875259875259875,0.5279528650489573,0.39423746346736416,0.4662937646188985
sym,True,4.0,10,2.0,True,0.5846153846153846,0.5254849853702546,0.393047144415344,0.49620028032742014
sym,True,4.0,12,0.2,False,0.6103950103950104,0.5973189102493236,0.44335780711964223,0.5368403170250476
sym,True,4.0,12,0.2,True,0.6103950103950104,0.5973189102493236,0.44335780711964223,0.5368403170250476
sym,True,4.0,12,0.5,False,0.6103950103950104,0.5973189102493236,0.44335780711964223,0.5368403170250476
sym,True,4.0,12,0.5,True,0.6103950103950104,0.5973189102493236,0.44335780711964223,0.5368403170250476
sym,True,4.0,12,0.8,False,0.6158004158004158,0.600412644905177,0.44984090320729925,0.53950643234593
sym,True,4.0,12,0.8,True,0.6133056133056133,0.5981420906058288,0.44612867751383256,0.5381211501144201
sym,True,4.0,12,1.0,False,0.6170478170478171,0.5944033478836427,0.44740482059271225,0.5370151626444842
sym,True,4.0,12,1.0,True,0.6166320166320166,0.5932664789665081,0.44688304517181804,0.5364067695819903
sym,True,4.0,12,1.2,False,0.6124740124740125,0.5700078215436248,0.43169015464163424,0.49734314131599316
sym,True,4.0,12,1.2,True,0.6079002079002079,0.5647906128435006,0.4241796387071671,0.49428832197738437
sym,True,4.0,12,1.5,False,0.5896049896049896,0.5289191674240876,0.39507389507273616,0.4673826511890204
sym,True,4.0,12,1.5,True,0.587941787941788,0.5282479020569805,0.39663724411814405,0.5012174359929398
sym,True,4.0,12,2.0,False,0.577962577962578,0.5121238600284931,0.37757866589502526,0.4542513087464585
sym,True,4.0,12,2.0,True,0.5742203742203742,0.5038685245582041,0.37282803446525653,0.4859595397028149
sym,True,4.0,16,0.2,False,0.6103950103950104,0.5973189102493236,0.44335780711964223,0.5368403170250476
sym,True,4.0,16,0.2,True,0.6103950103950104,0.5973189102493236,0.44335780711964223,0.5368403170250476
sym,True,4.0,16,0.5,False,0.6103950103950104,0.5973189102493236,0.44335780711964223,0.5368403170250476
sym,True,4.0,16,0.5,True,0.6103950103950104,0.5973189102493236,0.44335780711964223,0.5368403170250476
sym,True,4.0,16,0.8,False,0.6158004158004158,0.600412644905177,0.44984090320729925,0.53950643234593
sym,True,4.0,16,0.8,True,0.6133056133056133,0.5981420906058288,0.44612867751383256,0.5381211501144201
sym,True,4.0,16,1.0,False,0.6228690228690229,0.5968059906888222,0.45393843953106916,0.5388109874518152
sym,True,4.0,16,1.0,True,0.6178794178794179,0.5905508454604179,0.4469914555995235,0.5356542694274897
sym,True,4.0,16,1.2,False,0.5987525987525988,0.5417556773738542,0.40898548156041714,0.474953365492319
sym,True,4.0,16,1.2,True,0.5983367983367983,0.5408251331357549,0.4077899180400731,0.47928070279570484
sym,True,4.0,16,1.5,False,0.5742203742203742,0.506506605598454,0.36882087252884255,0.4493152946070307
sym,True,4.0,16,1.5,True,0.5638253638253639,0.4926270592134504,0.35980396903404827,0.4403987885820702
sym,True,4.0,16,2.0,False,0.5667359667359667,0.49372793803356724,0.35528983593102104,0.4405693988331291
sym,True,4.0,16,2.0,True,0.5567567567567567,0.4812753693309551,0.34948098469610006,0.43043064863071057
sym,True,4.0,20,0.2,False,0.6103950103950104,0.5973189102493236,0.44335780711964223,0.5368403170250476
sym,True,4.0,20,0.2,True,0.6103950103950104,0.5973189102493236,0.44335780711964223,0.5368403170250476
sym,True,4.0,20,0.5,False,0.6103950103950104,0.5973189102493236,0.44335780711964223,0.5368403170250476
sym,True,4.0,20,0.5,True,0.6103950103950104,0.5973189102493236,0.44335780711964223,0.5368403170250476
sym,True,4.0,20,0.8,False,0.6158004158004158,0.600412644905177,0.44984090320729925,0.53950643234593
sym,True,4.0,20,0.8,True,0.6133056133056133,0.5981420906058288,0.44612867751383256,0.5381211501144201
sym,True,4.0,20,1.0,False,0.6191268191268191,0.5912007873812659,0.4472679452438192,0.5367317847936266
sym,True,4.0,20,1.0,True,0.6153846153846154,0.5843268297891661,0.44345865752754626,0.5321201636386119
sym,True,4.0,20,1.2,False,0.5862785862785863,0.519234359147086,0.3831026694101572,0.45695241926422814
sym,True,4.0,20,1.2,True,0.582952182952183,0.5142376867352176,0.3830142991483059,0.45631517030605967
sym,True,4.0,20,1.5,False,0.5571725571725572,0.4827340210094772,0.33959023739201244,0.43340253087356806
sym,True,4.0,20,1.5,True,0.5517671517671517,0.4696651724997137,0.3378844997675658,0.4206104014929642
sym,True,4.0,20,2.0,False,0.5496881496881497,0.47645973384611207,0.3308917055116201,0.42088624415715564
sym,True,4.0,20,2.0,True,0.5442827442827443,0.45745126041743267,0.3260952921715509,0.4117015953275493
sym,True,4.0,24,0.2,False,0.6103950103950104,0.5973189102493236,0.44335780711964223,0.5368403170250476
sym,True,4.0,24,0.2,True,0.6103950103950104,0.5973189102493236,0.44335780711964223,0.5368403170250476
sym,True,4.0,24,0.5,False,0.6103950103950104,0.5973189102493236,0.44335780711964223,0.5368403170250476
sym,True,4.0,24,0.5,True,0.6103950103950104,0.5973189102493236,0.44335780711964223,0.5368403170250476
sym,True,4.0,24,0.8,False,0.6158004158004158,0.600412644905177,0.44984090320729925,0.53950643234593
sym,True,4.0,24,0.8,True,0.6133056133056133,0.5981420906058288,0.44612867751383256,0.5381211501144201
sym,True,4.0,24,1.0,False,0.6174636174636174,0.5836570743820885,0.44248323877647394,0.5343750849307747
sym,True,4.0,24,1.0,True,0.6162162162162163,0.5846729755215789,0.4435696971854564,0.531857010851218
sym,True,4.0,24,1.2,False,0.57006237006237,0.4985358327929569,0.3562610558459331,0.44365429403850576
sym,True,4.0,24,1.2,True,0.5646569646569647,0.4866066939889721,0.3544604114056937,0.43431319051904144
sym,True,4.0,24,1.5,False,0.5355509355509356,0.4623485708070366,0.31358942781014487,0.40322178684903975
sym,True,4.0,24,1.5,True,0.5297297297297298,0.44600517374755627,0.3094006186118761,0.39548647249358504
sym,True,4.0,24,2.0,False,0.5264033264033264,0.453514457324678,0.3056853196840248,0.3936429242142989
sym,True,4.0,24,2.0,True,0.5222453222453223,0.4393018668119186,0.30186348334820934,0.388008972484551
sym,True,4.0,32,0.2,False,0.6103950103950104,0.5973189102493236,0.44335780711964223,0.5368403170250476
sym,True,4.0,32,0.2,True,0.6103950103950104,0.5973189102493236,0.44335780711964223,0.5368403170250476
sym,True,4.0,32,0.5,False,0.6103950103950104,0.5973189102493236,0.44335780711964223,0.5368403170250476
sym,True,4.0,32,0.5,True,0.6103950103950104,0.5973189102493236,0.44335780711964223,0.5368403170250476
sym,True,4.0,32,0.8,False,0.6158004158004158,0.600412644905177,0.44984090320729925,0.53950643234593
sym,True,4.0,32,0.8,True,0.6133056133056133,0.5981420906058288,0.44612867751383256,0.5381211501144201
sym,True,4.0,32,1.0,False,0.6166320166320166,0.5814156051889607,0.4388554140861046,0.5333988536870632
sym,True,4.0,32,1.0,True,0.6166320166320166,0.5783440176201112,0.4387326274482916,0.530401128265408
sym,True,4.0,32,1.2,False,0.5313929313929314,0.45929896368050843,0.3041108289427342,0.39777923895503187
sym,True,4.0,32,1.2,True,0.525987525987526,0.44452035512531823,0.3038241813093682,0.39444475042042026
sym,True,4.0,32,1.5,False,0.5442827442827443,0.442904738717942,0.2871956729074419,0.40012921631530063
sym,True,4.0,32,1.5,True,0.4968814968814969,0.42592119153623764,0.28086090716919043,0.3579433884083202
sym,True,4.0,32,2.0,False,0.5438669438669439,0.43994588433271914,0.2824427811701674,0.40287548592158845
sym,True,4.0,32,2.0,True,0.498960498960499,0.42479528268070066,0.280789682437875,0.35943115236180584
sym,False,1.0,1,0.2,False,0.6103950103950104,0.5973189102493236,0.44335780711964223,0.5368403170250476
sym,False,1.0,1,0.2,True,0.6103950103950104,0.5973189102493236,0.44335780711964223,0.5368403170250476
sym,False,1.0,1,0.5,False,0.6103950103950104,0.5973189102493236,0.44335780711964223,0.5368403170250476
sym,False,1.0,1,0.5,True,0.6103950103950104,0.5973189102493236,0.44335780711964223,0.5368403170250476
sym,False,1.0,1,0.8,False,0.6103950103950104,0.5973189102493236,0.44335780711964223,0.5368403170250476
sym,False,1.0,1,0.8,True,0.6108108108108108,0.5975111033669221,0.4436792323049463,0.5371365302678053
sym,False,1.0,1,1.0,False,0.6116424116424116,0.5982389639065088,0.44477239881959996,0.537531510330733
sym,False,1.0,1,1.0,True,0.6112266112266113,0.5981593035478499,0.44400863228122134,0.5375117601894427
sym,False,1.0,1,1.2,False,0.6133056133056133,0.5985021784356234,0.4461924264398323,0.5386191289571634
sym,False,1.0,1,1.2,True,0.6128898128898129,0.5987617660032681,0.4454458368410953,0.5384148856371619
sym,False,1.0,1,1.5,False,0.6137214137214138,0.5990087662481194,0.44706105765801546,0.5380253584441648
sym,False,1.0,1,1.5,True,0.6116424116424116,0.596731699848434,0.44374998637821167,0.5371907416154141
sym,False,1.0,1,2.0,False,0.6162162162162163,0.5981861754305813,0.44940316459918833,0.5385642527796209
sym,False,1.0,1,2.0,True,0.6120582120582121,0.5953342070258718,0.4434694630567484,0.5366717477503913
sym,False,1.0,2,0.2,False,0.6103950103950104,0.5973189102493236,0.44335780711964223,0.5368403170250476
sym,False,1.0,2,0.2,True,0.6103950103950104,0.5973189102493236,0.44335780711964223,0.5368403170250476
sym,False,1.0,2,0.5,False,0.6103950103950104,0.5973189102493236,0.44335780711964223,0.5368403170250476
sym,False,1.0,2,0.5,True,0.6103950103950104,0.5973189102493236,0.44335780711964223,0.5368403170250476
sym,False,1.0,2,0.8,False,0.6128898128898129,0.5993307997343348,0.4461914632813103,0.5382802818456549
sym,False,1.0,2,0.8,True,0.6124740124740125,0.5986046224659497,0.44506574908863206,0.53839679801557
sym,False,1.0,2,1.0,False,0.614968814968815,0.6010055345117146,0.44870480197001966,0.5394763468799035
sym,False,1.0,2,1.0,True,0.6133056133056133,0.5997436686180757,0.44682671998550477,0.5382763082047499
sym,False,1.0,2,1.2,False,0.6162162162162163,0.5998624823551972,0.4497836371656587,0.5397930345511793
sym,False,1.0,2,1.2,True,0.6141372141372141,0.5990053843560105,0.4475747447271293,0.5381830717038063
sym,False,1.0,2,1.5,False,0.6182952182952183,0.6017931724982795,0.4523840780370742,0.5395662530723904
sym,False,1.0,2,1.5,True,0.6145530145530146,0.5970919353760608,0.447163120090839,0.538936311132826
sym,False,1.0,2,2.0,False,0.6170478170478171,0.5948826049771174,0.4487641509498154,0.5377426460387118
sym,False,1.0,2,2.0,True,0.6145530145530146,0.5937396703149291,0.44588833973686526,0.5370646779772899
sym,False,1.0,3,0.2,False,0.6103950103950104,0.5973189102493236,0.44335780711964223,0.5368403170250476
sym,False,1.0,3,0.2,True,0.6103950103950104,0.5973189102493236,0.44335780711964223,0.5368403170250476
sym,False,1.0,3,0.5,False,0.6103950103950104,0.5973189102493236,0.44335780711964223,0.5368403170250476
sym,False,1.0,3,0.5,True,0.6103950103950104,0.5973189102493236,0.44335780711964223,0.5368403170250476
sym,False,1.0,3,0.8,False,0.6145530145530146,0.600696351962978,0.4482104680549806,0.5392935984392083
sym,False,1.0,3,0.8,True,0.6128898128898129,0.5990502399306867,0.4460690061360263,0.5381145211516323
sym,False,1.0,3,1.0,False,0.6166320166320166,0.6005805847056904,0.4506563469775975,0.539061175954986
sym,False,1.0,3,1.0,True,0.6141372141372141,0.5987907795308278,0.4471326218243057,0.5377407942998036
sym,False,1.0,3,1.2,False,0.6182952182952183,0.5992358051976686,0.4508381776692041,0.5389270762320479
sym,False,1.0,3,1.2,True,0.6153846153846154,0.5969754807515886,0.44675391184646857,0.5390315724429171
sym,False,1.0,3,1.5,False,0.6178794178794179,0.5906706962251548,0.4476433346025735,0.5375133935324766
sym,False,1.0,3,1.5,True,0.6116424116424116,0.5860700464020394,0.43874684862117486,0.5347981002537661
sym,False,1.0,3,2.0,False,0.6058212058212058,0.5657409852103595,0.42438981689491845,0.49682486480357113
sym,False,1.0,3,2.0,True,0.6041580041580041,0.5668427617344886,0.42578045732073433,0.5236766948523073
sym,False,1.0,4,0.2,False,0.6103950103950104,0.5973189102493236,0.44335780711964223,0.5368403170250476
sym,False,1.0,4,0.2,True,0.6103950103950104,0.5973189102493236,0.44335780711964223,0.5368403170250476
sym,False,1.0,4,0.5,False,0.6103950103950104,0.5973189102493236,0.44335780711964223,0.5368403170250476
sym,False,1.0,4,0.5,True,0.6103950103950104,0.5973189102493236,0.44335780711964223,0.5368403170250476
sym,False,1.0,4,0.8,False,0.6153846153846154,0.601068374890046,0.4493338199887262,0.5394528201986842
sym,False,1.0,4,0.8,True,0.6133056133056133,0.5994858757234125,0.4463404568703296,0.5380427642466065
sym,False,1.0,4,1.0,False,0.6182952182952183,0.6007143790610903,0.45228382827882796,0.5393479928062052
sym,False,1.0,4,1.0,True,0.6137214137214138,0.5961275355207916,0.445943291582494,0.538077657846705
sym,False,1.0,4,1.2,False,0.6187110187110187,0.5952214436698827,0.448856007731596,0.5393361542960315
sym,False,1.0,4,1.2,True,0.6158004158004158,0.592571709039434,0.4461656922579617,0.5370385268912042
sym,False,1.0,4,1.5,False,0.6095634095634096,0.5750299045475386,0.4324845036058022,0.49970332169681897
sym,False,1.0,4,1.5,True,0.6070686070686071,0.5731660464842845,0.43004410270022375,0.49806126563494285
sym,False,1.0,4,2.0,False,0.597920997920998,0.5460876694794654,0.4101118948750438,0.5160912258786907
sym,False,1.0,4,2.0,True,0.5958419958419958,0.5431970702683931,0.40911013327657436,0.514878410086247
sym,False,1.0,5,0.2,False,0.6103950103950104,0.5973189102493236,0.44335780711964223,0.5368403170250476
sym,False,1.0,5,0.2,True,0.6103950103950104,0.5973189102493236,0.44335780711964223,0.5368403170250476
sym,False,1.0,5,0.5,False,0.6103950103950104,0.5973189102493236,0.44335780711964223,0.5368403170250476
sym,False,1.0,5,0.5,True,0.6103950103950104,0.5973189102493236,0.44335780711964223,0.5368403170250476
sym,False,1.0,5,0.8,False,0.6170478170478171,0.6022885560248954,0.45146469819817664,0.5402705164969613
sym,False,1.0,5,0.8,True,0.6141372141372141,0.6001555745056332,0.44741590490019956,0.5384112638673911
sym,False,1.0,5,1.0,False,0.6178794178794179,0.5986461422445709,0.4510418022227424,0.5380818940407286
sym,False,1.0,5,1.0,True,0.6166320166320166,0.596851752537163,0.4486272541072806,0.5390037936884831
sym,False,1.0,5,1.2,False,0.6174636174636174,0.5886741227802997,0.44623226938551336,0.5049972750974646
sym,False,1.0,5,1.2,True,0.6137214137214138,0.5860061949301101,0.44017533016989213,0.5042785709535448
sym,False,1.0,5,1.5,False,0.6045738045738046,0.5603814558107307,0.4214765333112816,0.49196067501745666
sym,False,1.0,5,1.5,True,0.6004158004158004,0.5554844235157935,0.41734755702496756,0.5184598890251566
sym,False,1.0,5,2.0,False,0.5883575883575883,0.5240061088099014,0.3919547930498005,0.5038595877994198
sym,False,1.0,5,2.0,True,0.5875259875259875,0.5260560035916142,0.3940244908196414,0.5037417586631958
sym,False,1.0,6,0.2,False,0.6103950103950104,0.5973189102493236,0.44335780711964223,0.5368403170250476
sym,False,1.0,6,0.2,True,0.6103950103950104,0.5973189102493236,0.44335780711964223,0.5368403170250476
sym,False,1.0,6,0.5,False,0.6103950103950104,0.5973189102493236,0.44335780711964223,0.5368403170250476
sym,False,1.0,6,0.5,True,0.6103950103950104,0.5973189102493236,0.44335780711964223,0.5368403170250476
sym,False,1.0,6,0.8,False,0.6170478170478171,0.6023909367675555,0.451138600818078,0.5398980475945505
sym,False,1.0,6,0.8,True,0.6141372141372141,0.5995997459531106,0.44744581605694256,0.5383929834628598
sym,False,1.0,6,1.0,False,0.6203742203742204,0.5987253007081009,0.4526117285283543,0.5393807395559387
sym,False,1.0,6,1.0,True,0.6174636174636174,0.5949698898836137,0.4485616114774961,0.5390821311798516
sym,False,1.0,6,1.2,False,0.6137214137214138,0.5805530277075083,0.43810605049401796,0.5018922635730392
sym,False,1.0,6,1.2,True,0.6120582120582121,0.5798578776369652,0.43756178829770825,0.5008296670293295
sym,False,1.0,6,1.5,False,0.5991683991683991,0.5459274559856151,0.41014058804087866,0.5136983254523814
sym,False,1.0,6,1.5,True,0.597920997920998,0.5458543447528598,0.4110476413274638,0.5145116080622026
sym,False,1.0,6,2.0,False,0.58004158004158,0.5132112268717978,0.38028180363950753,0.4627922516885362
sym,False,1.0,6,2.0,True,0.5796257796257797,0.5114835468958298,0.3808262666124631,0.49554181141620385
sym,False,1.0,8,0.2,False,0.6103950103950104,0.5973189102493236,0.44335780711964223,0.5368403170250476
sym,False,1.0,8,0.2,True,0.6103950103950104,0.5973189102493236,0.44335780711964223,0.5368403170250476
sym,False,1.0,8,0.5,False,0.6103950103950104,0.5973189102493236,0.44335780711964223,0.5368403170250476
sym,False,1.0,8,0.5,True,0.6103950103950104,0.5973189102493236,0.44335780711964223,0.5368403170250476
sym,False,1.0,8,0.8,False,0.6170478170478171,0.6016167850895685,0.45121151159612916,0.539608288324227
sym,False,1.0,8,0.8,True,0.614968814968815,0.6002792588355917,0.4486281694411332,0.5387139199417443
sym,False,1.0,8,1.0,False,0.6216216216216216,0.5966274877457094,0.4518157923293557,0.5411061701432377
sym,False,1.0,8,1.0,True,0.6162162162162163,0.5904319392949772,0.4452317854118428,0.5365279862502215
sym,False,1.0,8,1.2,False,0.6083160083160083,0.5643149750416504,0.42498364610075134,0.4944204373122334
sym,False,1.0,8,1.2,True,0.6045738045738046,0.5625182363043119,0.42414883213811455,0.49265499914731703
sym,False,1.0,8,1.5,False,0.585031185031185,0.5176959573944003,0.3863380685558882,0.4629153456138258
sym,False,1.0,8,1.5,True,0.5833679833679833,0.5152548513399248,0.3847958246166712,0.46665233900861647
sym,False,1.0,8,2.0,False,0.5692307692307692,0.4935672992846822,0.35893054036561345,0.4489652453807589
sym,False,1.0,8,2.0,True,0.562993762993763,0.48290616985113377,0.3533478665161079,0.44056320295250156
sym,False,1.0,10,0.2,False,0.6103950103950104,0.5973189102493236,0.44335780711964223,0.5368403170250476
sym,False,1.0,10,0.2,True,0.6103950103950104,0.5973189102493236,0.44335780711964223,0.5368403170250476
sym,False,1.0,10,0.5,False,0.6103950103950104,0.5973189102493236,0.44335780711964223,0.5368403170250476
sym,False,1.0,10,0.5,True,0.6103950103950104,0.5973189102493236,0.44335780711964223,0.5368403170250476
sym,False,1.0,10,0.8,False,0.6174636174636174,0.6018925747601026,0.45159181258876857,0.539810661372692
sym,False,1.0,10,0.8,True,0.614968814968815,0.6002792588355917,0.4486281694411332,0.5387139199417443
sym,False,1.0,10,1.0,False,0.6203742203742204,0.5934137791137827,0.4490262488478386,0.5082501323516074
sym,False,1.0,10,1.0,True,0.6162162162162163,0.5881303333166759,0.4435757153993145,0.5348570970188026
sym,False,1.0,10,1.2,False,0.6020790020790021,0.5492700480689716,0.41375226310666685,0.4852631582425428
sym,False,1.0,10,1.2,True,0.6008316008316008,0.5491654654277746,0.413482663210732,0.48461240244072773
sym,False,1.0,10,1.5,False,0.572972972972973,0.4992205754738288,0.3615707356114199,0.4512950162456404
sym,False,1.0,10,1.5,True,0.567983367983368,0.48737307701326044,0.3569875138955877,0.4436474343053194
sym,False,1.0,10,2.0,False,0.562993762993763,0.4837725377520443,0.3439122283534087,0.43964803086385945
sym,False,1.0,10,2.0,True,0.5534303534303534,0.46702240550930263,0.3368848082069791,0.42815955242410975
sym,False,1.0,12,0.2,False,0.6103950103950104,0.5973189102493236,0.44335780711964223,0.5368403170250476
sym,False,1.0,12,0.2,True,0.6103950103950104,0.5973189102493236,0.44335780711964223,0.5368403170250476
sym,False,1.0,12,0.5,False,0.6103950103950104,0.5973189102493236,0.44335780711964223,0.5368403170250476
sym,False,1.0,12,0.5,True,0.6103950103950104,0.5973189102493236,0.44335780711964223,0.5368403170250476
sym,False,1.0,12,0.8,False,0.6174636174636174,0.6019942182833663,0.45173902315808007,0.539810599819075
sym,False,1.0,12,0.8,True,0.6153846153846154,0.6004837687418397,0.44896640429580703,0.5390051768351495
sym,False,1.0,12,1.0,False,0.6187110187110187,0.5879441269913229,0.44464200320518227,0.5059419076928058
sym,False,1.0,12,1.0,True,0.6162162162162163,0.5851100889086227,0.4424403133335259,0.5344038010312749
sym,False,1.0,12,1.2,False,0.5958419958419958,0.5344459241741972,0.4011446507851133,0.470936580604951
sym,False,1.0,12,1.2,True,0.592931392931393,0.5303322388496007,0.39753765424215687,0.47325627333029036
sym,False,1.0,12,1.5,False,0.5683991683991684,0.4877984612092695,0.3474319883562168,0.44311867548073347
sym,False,1.0,12,1.5,True,0.5555093555093555,0.4700661548389978,0.3370385392892585,0.4299804602566135
sym,False,1.0,12,2.0,False,0.5517671517671517,0.47115828660029085,0.32212891560038803,0.42729273680298896
sym,False,1.0,12,2.0,True,0.5384615384615384,0.4521826692252756,0.31365667505057776,0.412200568662246
sym,False,1.0,16,0.2,False,0.6103950103950104,0.5973189102493236,0.44335780711964223,0.5368403170250476
sym,False,1.0,16,0.2,True,0.6103950103950104,0.5973189102493236,0.44335780711964223,0.5368403170250476
sym,False,1.0,16,0.5,False,0.6103950103950104,0.5973189102493236,0.44335780711964223,0.5368403170250476
sym,False,1.0,16,0.5,True,0.6103950103950104,0.5973189102493236,0.44335780711964223,0.5368403170250476
sym,False,1.0,16,0.8,False,0.6174636174636174,0.6007352216382152,0.4513723405923766,0.5397397945796598
sym,False,1.0,16,0.8,True,0.6145530145530146,0.5993737604304923,0.4476018634827802,0.5383363109865039
sym,False,1.0,16,1.0,False,0.6170478170478171,0.5812772400090436,0.44032812007306515,0.5024599485537706
sym,False,1.0,16,1.0,True,0.6133056133056133,0.5774385784429505,0.43641282651611585,0.5004693254602451
sym,False,1.0,16,1.2,False,0.582952182952183,0.5088582056825758,0.36753922227827246,0.4542659757955864
sym,False,1.0,16,1.2,True,0.577962577962578,0.4966135263308114,0.367103775659226,0.44639546828302973
sym,False,1.0,16,1.5,False,0.5293139293139293,0.4568453906020429,0.2938025134546119,0.40894960921037493
sym,False,1.0,16,1.5,True,0.5268191268191268,0.4391800935218292,0.29442262953124143,0.3971223036096166
sym,False,1.0,16,2.0,False,0.518918918918919,0.4438361532947558,0.27766343756320316,0.39193678133675824
sym,False,1.0,16,2.0,True,0.5126819126819127,0.42736462234658446,0.2767905792422937,0.38143559282217177
sym,False,1.0,20,0.2,False,0.6103950103950104,0.5973189102493236,0.44335780711964223,0.5368403170250476
sym,False,1.0,20,0.2,True,0.6103950103950104,0.5973189102493236,0.44335780711964223,0.5368403170250476
sym,False,1.0,20,0.5,False,0.6103950103950104,0.5973189102493236,0.44335780711964223,0.5368403170250476
sym,False,1.0,20,0.5,True,0.6103950103950104,0.5973189102493236,0.44335780711964223,0.5368403170250476
sym,False,1.0,20,0.8,False,0.6170478170478171,0.5998733949767809,0.4508542261618826,0.5392811926420301
sym,False,1.0,20,0.8,True,0.6145530145530146,0.5993737604304923,0.4476018634827802,0.5383363109865039
sym,False,1.0,20,1.0,False,0.6166320166320166,0.578145075588164,0.43735129979241993,0.5012959381181918
sym,False,1.0,20,1.0,True,0.6137214137214138,0.5745487480491618,0.4348662917196009,0.49967106107287446
sym,False,1.0,20,1.2,False,0.5588357588357589,0.48286782462877753,0.32990560596173885,0.4280021664813279
sym,False,1.0,20,1.2,True,0.5609147609147609,0.4736258821650162,0.3360093560971941,0.42717916765560054
sym,False,1.0,20,1.5,False,0.503950103950104,0.43278059339418196,0.25944449592909025,0.36932237683115
sym,False,1.0,20,1.5,True,0.4885654885654886,0.4130752348227799,0.25820110014188297,0.36334019381489935
sym,False,1.0,20,2.0,False,0.511018711018711,0.42601735267844976,0.2550511761370514,0.36713618727181785
sym,False,1.0,20,2.0,True,0.47900207900207903,0.40795389075502947,0.2482750092321555,0.3501742612277505
sym,False,1.0,24,0.2,False,0.6103950103950104,0.5973189102493236,0.44335780711964223,0.5368403170250476
sym,False,1.0,24,0.2,True,0.6103950103950104,0.5973189102493236,0.44335780711964223,0.5368403170250476
sym,False,1.0,24,0.5,False,0.6103950103950104,0.5973189102493236,0.44335780711964223,0.5368403170250476
sym,False,1.0,24,0.5,True,0.6103950103950104,0.5973189102493236,0.44335780711964223,0.5368403170250476
sym,False,1.0,24,0.8,False,0.6170478170478171,0.5998733949767809,0.4508542261618826,0.5392811926420301
sym,False,1.0,24,0.8,True,0.6145530145530146,0.5993737604304923,0.4476018634827802,0.5383363109865039
sym,False,1.0,24,1.0,False,0.6145530145530146,0.5734083959636845,0.43382732705585875,0.49795632696335496
sym,False,1.0,24,1.0,True,0.6133056133056133,0.5712570095870712,0.43120333773075165,0.4982027550819861
sym,False,1.0,24,1.2,False,0.5297297297297298,0.4579347477580933,0.2886761363610488,0.398198329171103
sym,False,1.0,24,1.2,True,0.5288981288981289,0.4452719071050767,0.2894398015198063,0.39666693102858996
sym,False,1.0,24,1.5,False,0.5201663201663201,0.42077939528788383,0.2517798961197676,0.3683021997285548
sym,False,1.0,24,1.5,True,0.47692307692307695,0.4034942475444987,0.24518267597992321,0.33901489833267945
sym,False,1.0,24,2.0,False,0.5130977130977131,0.41396949852929144,0.23943517868238567,0.3678410857086049
sym,False,1.0,24,2.0,True,0.47151767151767154,0.3956669790242393,0.23923060847142036,0.3363671478830481
sym,False,1.0,32,0.2,False,0.6103950103950104,0.5973189102493236,0.44335780711964223,0.5368403170250476
sym,False,1.0,32,0.2,True,0.6103950103950104,0.5973189102493236,0.44335780711964223,0.5368403170250476
sym,False,1.0,32,0.5,False,0.6103950103950104,0.5973189102493236,0.44335780711964223,0.5368403170250476
sym,False,1.0,32,0.5,True,0.6103950103950104,0.5973189102493236,0.44335780711964223,0.5368403170250476
sym,False,1.0,32,0.8,False,0.6170478170478171,0.5998733949767809,0.4508542261618826,0.5392811926420301
sym,False,1.0,32,0.8,True,0.6145530145530146,0.5993737604304923,0.4476018634827802,0.5383363109865039
sym,False,1.0,32,1.0,False,0.6095634095634096,0.5630969905657252,0.4248942763253601,0.49034598246458455
sym,False,1.0,32,1.0,True,0.6120582120582121,0.5647134732539865,0.4248960032700538,0.4938439557319525
sym,False,1.0,32,1.2,False,0.5205821205821206,0.42491585403636234,0.2450629841346643,0.3770252191781494
sym,False,1.0,32,1.2,True,0.47983367983367986,0.40998077706079716,0.24389889674836362,0.34291386299725324
sym,False,1.0,32,1.5,False,0.48191268191268194,0.39688031081052505,0.2083220176422802,0.3546698001974211
sym,False,1.0,32,1.5,True,0.4540540540540541,0.38347522995181194,0.2078390411625571,0.3172646215382564
sym,False,1.0,32,2.0,False,0.4814968814968815,0.39610994550143364,0.20399323610750905,0.3545129619577866
sym,False,1.0,32,2.0,True,0.4540540540540541,0.38550725660881247,0.20337849993725637,0.31528538061345235
row,True,0.25,1,0.2,False,0.6103950103950104,0.5973189102493236,0.44335780711964223,0.5368403170250476
row,True,0.25,1,0.2,True,0.6103950103950104,0.5973189102493236,0.44335780711964223,0.5368403170250476
row,True,0.25,1,0.5,False,0.6103950103950104,0.5973189102493236,0.44335780711964223,0.5368403170250476
row,True,0.25,1,0.5,True,0.6103950103950104,0.5973189102493236,0.44335780711964223,0.5368403170250476
row,True,0.25,1,0.8,False,0.6103950103950104,0.5973189102493236,0.44335780711964223,0.5368403170250476
row,True,0.25,1,0.8,True,0.6103950103950104,0.5967678798841158,0.44339074392017197,0.5368117870945568
row,True,0.25,1,1.0,False,0.6103950103950104,0.5973189102493236,0.44335780711964223,0.5368403170250476
row,True,0.25,1,1.0,True,0.60997920997921,0.5967067144892363,0.4423782477401372,0.5377615587776184
row,True,0.25,1,1.2,False,0.6116424116424116,0.5970341367713624,0.4440743644870164,0.5374229449470922
row,True,0.25,1,1.2,True,0.6095634095634096,0.5953685959641767,0.4396145793824003,0.5384063935247889
row,True,0.25,1,1.5,False,0.6128898128898129,0.5954523596995811,0.4422219609292354,0.5393622421152524
row,True,0.25,1,1.5,True,0.6108108108108108,0.5933193669177619,0.44013079912380476,0.5387057583916894
row,True,0.25,1,2.0,False,0.5966735966735967,0.5666725986101327,0.40805116080619436,0.5255243320919645
row,True,0.25,1,2.0,True,0.5970893970893971,0.572119613555434,0.41594950691047183,0.5286730005944146
row,True,0.25,2,0.2,False,0.6103950103950104,0.5973189102493236,0.44335780711964223,0.5368403170250476
row,True,0.25,2,0.2,True,0.6103950103950104,0.5973189102493236,0.44335780711964223,0.5368403170250476
row,True,0.25,2,0.5,False,0.6103950103950104,0.5973189102493236,0.44335780711964223,0.5368403170250476
row,True,0.25,2,0.5,True,0.6103950103950104,0.5973189102493236,0.44335780711964223,0.5368403170250476
row,True,0.25,2,0.8,False,0.6116424116424116,0.5976574654484651,0.4449211321659204,0.5367198908325892
row,True,0.25,2,0.8,True,0.6108108108108108,0.5952339022712618,0.44276987407567814,0.5380373483598806
row,True,0.25,2,1.0,False,0.6079002079002079,0.5859539693381377,0.4362936602484249,0.5330712431937191
row,True,0.25,2,1.0,True,0.6079002079002079,0.5880329426835371,0.43822899073709043,0.5341496366826398
row,True,0.25,2,1.2,False,0.6087318087318088,0.5806809541013412,0.43292047773623726,0.533108131796491
row,True,0.25,2,1.2,True,0.6033264033264033,0.5772286463902696,0.42734897797038546,0.5304439614828702
row,True,0.25,2,1.5,False,0.6029106029106029,0.5643798659720205,0.4148740562874788,0.5277860716096494
row,True,0.25,2,1.5,True,0.6012474012474013,0.5660467195827528,0.4153852818841789,0.5294925399935594
row,True,0.25,2,2.0,False,0.5975051975051975,0.5538223267629117,0.4027078156495348,0.5233752172932621
row,True,0.25,2,2.0,True,0.595010395010395,0.5530013851205494,0.4026862673360341,0.5222480638903058
row,True,0.25,3,0.2,False,0.6103950103950104,0.5973189102493236,0.44335780711964223,0.5368403170250476
row,True,0.25,3,0.2,True,0.6103950103950104,0.5973189102493236,0.44335780711964223,0.5368403170250476
row,True,0.25,3,0.5,False,0.6103950103950104,0.5973189102493236,0.44335780711964223,0.5368403170250476
row,True,0.25,3,0.5,True,0.6103950103950104,0.5967678798841158,0.44339074392017197,0.5368117870945568
row,True,0.25,3,0.8,False,0.60997920997921,0.5895132691828785,0.4400714112772019,0.5349768940890105
row,True,0.25,3,0.8,True,0.6079002079002079,0.5881813052331455,0.4372470293557075,0.534928890781344
row,True,0.25,3,1.0,False,0.6087318087318088,0.576290455047193,0.4292521218312725,0.5327297053902029
row,True,0.25,3,1.0,True,0.604989604989605,0.5773400570387793,0.42722534861014416,0.5321425618844453
row,True,0.25,3,1.2,False,0.6029106029106029,0.5604956107773588,0.411941776898127,0.5258989422369263
row,True,0.25,3,1.2,True,0.6004158004158004,0.560284544015713,0.41066200695148064,0.5276559995399187
row,True,0.25,3,1.5,False,0.5941787941787942,0.5455429607594297,0.39561582826011416,0.5175659673542353
row,True,0.25,3,1.5,True,0.5904365904365905,0.5442293656454282,0.3931135912392896,0.5148051468115773
row,True,0.25,3,2.0,False,0.5866943866943867,0.5368065319566022,0.3826602187381098,0.5091579995698018
row,True,0.25,3,2.0,True,0.5862785862785863,0.5347066348125815,0.3822638044349279,0.51005633970022
row,True,0.25,4,0.2,False,0.6103950103950104,0.5973189102493236,0.44335780711964223,0.5368403170250476
row,True,0.25,4,0.2,True,0.6103950103950104,0.5973189102493236,0.44335780711964223,0.5368403170250476
row,True,0.25,4,0.5,False,0.6103950103950104,0.5973189102493236,0.44335780711964223,0.5368403170250476
row,True,0.25,4,0.5,True,0.6108108108108108,0.5972005468408556,0.443797262655252,0.5372046186759818
row,True,0.25,4,0.8,False,0.6087318087318088,0.5854621078846215,0.43584345272672287,0.5342071466655254
row,True,0.25,4,0.8,True,0.6070686070686071,0.584637756584203,0.43458355127670867,0.5333947249732802
row,True,0.25,4,1.0,False,0.6074844074844075,0.565663557631829,0.419803425193663,0.5300753708444371
row,True,0.25,4,1.0,True,0.6070686070686071,0.5720199494941417,0.42477885596791487,0.5323236050012475
row,True,0.25,4,1.2,False,0.5991683991683991,0.5524886755535316,0.40356723798154964,0.5196592643885386
row,True,0.25,4,1.2,True,0.5945945945945946,0.5487040919301894,0.40019734261973305,0.5180792740071131
row,True,0.25,4,1.5,False,0.5891891891891892,0.5389096386026108,0.3851216256976054,0.5088736876218174
row,True,0.25,4,1.5,True,0.587941787941788,0.535112958982116,0.38672606645436186,0.5089309403015437
row,True,0.25,4,2.0,False,0.5787941787941788,0.5232563345999763,0.365010962286929,0.46726885539863844
row,True,0.25,4,2.0,True,0.5762993762993763,0.5187316604435204,0.36577991609067523,0.46688592702268594
row,True,0.25,5,0.2,False,0.6103950103950104,0.5973189102493236,0.44335780711964223,0.5368403170250476
row,True,0.25,5,0.2,True,0.6103950103950104,0.5973189102493236,0.44335780711964223,0.5368403170250476
row,True,0.25,5,0.5,False,0.6103950103950104,0.5973189102493236,0.44335780711964223,0.5368403170250476
row,True,0.25,5,0.5,True,0.6108108108108108,0.5972005468408556,0.443797262655252,0.5372046186759818
row,True,0.25,5,0.8,False,0.6095634095634096,0.5829833980149152,0.43484805338520127,0.5340685913820654
row,True,0.25,5,0.8,True,0.6066528066528066,0.5819562342176552,0.43263643234614846,0.5324915448984119
row,True,0.25,5,1.0,False,0.6029106029106029,0.5591184737282648,0.41184684773113306,0.5247241152846005
row,True,0.25,5,1.0,True,0.6033264033264033,0.5619349741668418,0.4148047617526457,0.5277270256027409
row,True,0.25,5,1.2,False,0.592931392931393,0.542701320117455,0.3914117331479981,0.5134790895956259
row,True,0.25,5,1.2,True,0.5916839916839917,0.540363777786203,0.3928885280483509,0.5132601085803598
row,True,0.25,5,1.5,False,0.5804573804573805,0.5249062302827849,0.36859964335424206,0.46780855489726736
row,True,0.25,5,1.5,True,0.5804573804573805,0.5211790573739482,0.3709820150382991,0.4720123536540132
row,True,0.25,5,2.0,False,0.5675675675675675,0.5099041077410373,0.3438041309204135,0.45532728981403064
row,True,0.25,5,2.0,True,0.5675675675675675,0.5042149393071044,0.3482345000742463,0.45503351315920004
row,True,0.25,6,0.2,False,0.6103950103950104,0.5973189102493236,0.44335780711964223,0.5368403170250476
row,True,0.25,6,0.2,True,0.6103950103950104,0.5973189102493236,0.44335780711964223,0.5368403170250476
row,True,0.25,6,0.5,False,0.6103950103950104,0.5973189102493236,0.44335780711964223,0.5368403170250476
row,True,0.25,6,0.5,True,0.6108108108108108,0.5972005468408556,0.443797262655252,0.5372046186759818
row,True,0.25,6,0.8,False,0.6095634095634096,0.5805742384194603,0.43364751181242467,0.53344405488922
row,True,0.25,6,0.8,True,0.6054054054054054,0.5793884350711035,0.4297642285700422,0.531565412135207
row,True,0.25,6,1.0,False,0.6012474012474013,0.5546297507420798,0.4072708429216986,0.5211816872052291
row,True,0.25,6,1.0,True,0.5995841995841996,0.5561750621481002,0.40866326332726177,0.5223155636794458
row,True,0.25,6,1.2,False,0.5912681912681913,0.5372534857434046,0.3864013879012912,0.5084247498485356
row,True,0.25,6,1.2,True,0.5891891891891892,0.5327670437702634,0.3890191471286693,0.4787347910763342
row,True,0.25,6,1.5,False,0.572972972972973,0.5147660623913257,0.35212714578929627,0.45845632603002673
row,True,0.25,6,1.5,True,0.5717255717255717,0.5087345261735494,0.35446703207586183,0.45856129340456914
row,True,0.25,6,2.0,False,0.5567567567567567,0.49582768922652903,0.3263821140919533,0.44315131799977475
row,True,0.25,6,2.0,True,0.5567567567567567,0.4914948511337633,0.32789814871707357,0.442010366541816
row,True,0.25,8,0.2,False,0.6103950103950104,0.5973189102493236,0.44335780711964223,0.5368403170250476
row,True,0.25,8,0.2,True,0.6103950103950104,0.5973189102493236,0.44335780711964223,0.5368403170250476
row,True,0.25,8,0.5,False,0.6103950103950104,0.5973189102493236,0.44335780711964223,0.5368403170250476
row,True,0.25,8,0.5,True,0.6108108108108108,0.5972005468408556,0.443797262655252,0.5372046186759818
row,True,0.25,8,0.8,False,0.6087318087318088,0.5793373183888147,0.4306509927932823,0.5319386610386186
row,True,0.25,8,0.8,True,0.604989604989605,0.5761765703766338,0.426580896367863,0.5318958438584016
row,True,0.25,8,1.0,False,0.5991683991683991,0.5502823634670014,0.4002970213531962,0.518257619247977
row,True,0.25,8,1.0,True,0.5937629937629938,0.5431173678220067,0.3961468644724857,0.5128956631106857
row,True,0.25,8,1.2,False,0.577962577962578,0.5201816222174299,0.3588502316086973,0.46370550773983155
row,True,0.25,8,1.2,True,0.5767151767151767,0.5147447501404862,0.36228193729102776,0.46653736070447355
row,True,0.25,8,1.5,False,0.558004158004158,0.4966105453978301,0.3217772289299865,0.44594587145334785
row,True,0.25,8,1.5,True,0.5567567567567567,0.4899439955492311,0.32343673055597144,0.43921200490764484
row,True,0.25,8,2.0,False,0.5405405405405406,0.47866893638087077,0.29104114023738775,0.4317027380793878
row,True,0.25,8,2.0,True,0.5376299376299376,0.4688052303418625,0.29642633666089846,0.42175322714349256
row,True,0.25,10,0.2,False,0.6103950103950104,0.5973189102493236,0.44335780711964223,0.5368403170250476
row,True,0.25,10,0.2,True,0.6103950103950104,0.5973189102493236,0.44335780711964223,0.5368403170250476
row,True,0.25,10,0.5,False,0.6103950103950104,0.5973189102493236,0.44335780711964223,0.5368403170250476
row,True,0.25,10,0.5,True,0.6108108108108108,0.5972005468408556,0.443797262655252,0.5372046186759818
row,True,0.25,10,0.8,False,0.6091476091476091,0.5789135909731998,0.4304995590134486,0.532075758105182
row,True,0.25,10,0.8,True,0.6054054054054054,0.5762778477605838,0.42711138038846713,0.5320612187523356
row,True,0.25,10,1.0,False,0.5937629937629938,0.5416318508343674,0.3904650845510406,0.511219545140826
row,True,0.25,10,1.0,True,0.5908523908523908,0.5354663395400564,0.39022999884604875,0.5078107370260141
row,True,0.25,10,1.2,False,0.5663201663201664,0.5069006455709019,0.3370089842347963,0.4513984125807185
row,True,0.25,10,1.2,True,0.5659043659043659,0.5015160917070945,0.3379681366343615,0.4495394872717953
row,True,0.25,10,1.5,False,0.5384615384615384,0.4785602932845688,0.2822267682975972,0.42955730650672636
row,True,0.25,10,1.5,True,0.5376299376299376,0.4687156544826034,0.29091063283431723,0.42069619884260034
row,True,0.25,10,2.0,False,0.5147609147609148,0.4606152289275796,0.25255485544638884,0.41051999469819944
row,True,0.25,10,2.0,True,0.5193347193347193,0.45092944616854586,0.26298334705750637,0.4048509949926645
row,True,0.25,12,0.2,False,0.6103950103950104,0.5973189102493236,0.44335780711964223,0.5368403170250476
row,True,0.25,12,0.2,True,0.6103950103950104,0.5973189102493236,0.44335780711964223,0.5368403170250476
row,True,0.25,12,0.5,False,0.6103950103950104,0.5973189102493236,0.44335780711964223,0.5368403170250476
row,True,0.25,12,0.5,True,0.6108108108108108,0.5972005468408556,0.443797262655252,0.5372046186759818
row,True,0.25,12,0.8,False,0.6087318087318088,0.5760799837404051,0.4292090710330887,0.531594409047801
row,True,0.25,12,0.8,True,0.6058212058212058,0.5760878710589125,0.42707056615545164,0.5322228760136708
row,True,0.25,12,1.0,False,0.5904365904365905,0.535263759292783,0.38184285648364985,0.5067066602020899
row,True,0.25,12,1.0,True,0.5875259875259875,0.5297661565431743,0.3830389256053031,0.47588821272756004
row,True,0.25,12,1.2,False,0.5584199584199584,0.4956263820853908,0.31425872381017833,0.44371144535589707
row,True,0.25,12,1.2,True,0.5592515592515592,0.4928946439896102,0.3205883977110485,0.4405208722557832
row,True,0.25,12,1.5,False,0.5126819126819127,0.4606689499979681,0.24645046314410698,0.404951463784208
row,True,0.25,12,1.5,True,0.5147609147609148,0.44845040964015165,0.25632041879379003,0.40160329683556734
row,True,0.25,12,2.0,False,0.49521829521829525,0.44483268768447043,0.22660090288287915,0.38227413068409555
row,True,0.25,12,2.0,True,0.493970893970894,0.4335687462088831,0.2370072078122702,0.3833224529562354
row,True,0.25,16,0.2,False,0.6103950103950104,0.5973189102493236,0.44335780711964223,0.5368403170250476
row,True,0.25,16,0.2,True,0.6103950103950104,0.5973189102493236,0.44335780711964223,0.5368403170250476
row,True,0.25,16,0.5,False,0.6103950103950104,0.5973189102493236,0.44335780711964223,0.5368403170250476
row,True,0.25,16,0.5,True,0.6108108108108108,0.5972005468408556,0.443797262655252,0.5372046186759818
row,True,0.25,16,0.8,False,0.6095634095634096,0.5756595787659758,0.4296132147907934,0.5319350794274023
row,True,0.25,16,0.8,True,0.6062370062370063,0.5762732525187725,0.4272680106545171,0.5326764613075632
row,True,0.25,16,1.0,False,0.5837837837837838,0.5265728231701128,0.3646985451497011,0.4699044987422128
row,True,0.25,16,1.0,True,0.5833679833679833,0.522537979705987,0.3684169869314915,0.4692024598116206
row,True,0.25,16,1.2,False,0.5164241164241165,0.4668742089981217,0.24998779112875277,0.41206348614993354
row,True,0.25,16,1.2,True,0.5255717255717256,0.4582542975468129,0.2652225318351112,0.4088985635754052
row,True,0.25,16,1.5,False,0.47692307692307695,0.43831630706254904,0.20740192473751892,0.3690891207716601
row,True,0.25,16,1.5,True,0.46902286902286905,0.42024522388787666,0.21371842038038705,0.3617712724676016
row,True,0.25,16,2.0,False,0.4760914760914761,0.42624663868697693,0.1990539141278619,0.35952325831861853
row,True,0.25,16,2.0,True,0.4632016632016632,0.40865545707193246,0.20318884401700202,0.3412391304365783
row,True,0.25,20,0.2,False,0.6103950103950104,0.5973189102493236,0.44335780711964223,0.5368403170250476
row,True,0.25,20,0.2,True,0.6103950103950104,0.5973189102493236,0.44335780711964223,0.5368403170250476
row,True,0.25,20,0.5,False,0.6103950103950104,0.5973189102493236,0.44335780711964223,0.5368403170250476
row,True,0.25,20,0.5,True,0.6108108108108108,0.5972005468408556,0.443797262655252,0.5372046186759818
row,True,0.25,20,0.8,False,0.6095634095634096,0.5754410196221308,0.4291217401131072,0.5319578155374218
row,True,0.25,20,0.8,True,0.6062370062370063,0.5762732525187725,0.4272680106545171,0.5326764613075632
row,True,0.25,20,1.0,False,0.5775467775467775,0.5184133699148203,0.3510839657452824,0.4610946694260483
row,True,0.25,20,1.0,True,0.5771309771309772,0.51495790383609,0.3546292767664491,0.4579946971934688
row,True,0.25,20,1.2,False,0.48482328482328485,0.44393376761991615,0.21165292193420918,0.3740052430360874
row,True,0.25,20,1.2,True,0.47650727650727653,0.4305397260461545,0.21808980645808876,0.36490138929778554
row,True,0.25,20,1.5,False,0.4652806652806653,0.40943421366018784,0.17997220172659012,0.3469416963727533
row,True,0.25,20,1.5,True,0.461954261954262,0.4013508845583791,0.19345883490537372,0.33973740659899315
row,True,0.25,20,2.0,False,0.4553014553014553,0.4036605795041887,0.16996565627719107,0.3395994320831026
row,True,0.25,20,2.0,True,0.4544698544698545,0.3920454190151377,0.1882532506485158,0.33237692024962107
row,True,0.25,24,0.2,False,0.6103950103950104,0.5973189102493236,0.44335780711964223,0.5368403170250476
row,True,0.25,24,0.2,True,0.6103950103950104,0.5973189102493236,0.44335780711964223,0.5368403170250476
row,True,0.25,24,0.5,False,0.6103950103950104,0.5973189102493236,0.44335780711964223,0.5368403170250476
row,True,0.25,24,0.5,True,0.6108108108108108,0.5972005468408556,0.443797262655252,0.5372046186759818
row,True,0.25,24,0.8,False,0.60997920997921,0.5756941994436037,0.42980022162104603,0.5321633177507122
row,True,0.25,24,0.8,True,0.6062370062370063,0.575234236727431,0.4267254347693006,0.532340485771861
row,True,0.25,24,1.0,False,0.5692307692307692,0.5083077923970591,0.3335999304212331,0.4523872164117467
row,True,0.25,24,1.0,True,0.5746361746361747,0.5108811686757977,0.3462844897483596,0.4552834843081928
row,True,0.25,24,1.2,False,0.46943866943866946,0.41905173703984205,0.18357246124041113,0.3539708831450562
row,True,0.25,24,1.2,True,0.4677754677754678,0.40880658522748897,0.19797724458722135,0.34363062905701774
row,True,0.25,24,1.5,False,0.43742203742203745,0.3932150880607146,0.15400863174146392,0.33843209591497003
row,True,0.25,24,1.5,True,0.4486486486486487,0.38120106654887076,0.182457276784723,0.3249289030190948
row,True,0.25,24,2.0,False,0.42952182952182955,0.3853928851410286,0.14428620938770886,0.33422561656061156
row,True,0.25,24,2.0,True,0.4465696465696466,0.37646680827137324,0.17989803773018498,0.3227317236191568
row,True,0.25,32,0.2,False,0.6103950103950104,0.5973189102493236,0.44335780711964223,0.5368403170250476
row,True,0.25,32,0.2,True,0.6103950103950104,0.5973189102493236,0.44335780711964223,0.5368403170250476
row,True,0.25,32,0.5,False,0.6103950103950104,0.5973189102493236,0.44335780711964223,0.5368403170250476
row,True,0.25,32,0.5,True,0.6108108108108108,0.5972005468408556,0.443797262655252,0.5372046186759818
row,True,0.25,32,0.8,False,0.60997920997921,0.5750480197772203,0.42974564102848234,0.5319587081793988
row,True,0.25,32,0.8,True,0.6062370062370063,0.575234236727431,0.4267254347693006,0.532340485771861
row,True,0.25,32,1.0,False,0.5600831600831601,0.5003623689930007,0.3078318198631918,0.4425631493603576
row,True,0.25,32,1.0,True,0.5621621621621622,0.49674720892677937,0.31716980487864505,0.4439758718236814
row,True,0.25,32,1.2,False,0.4124740124740125,0.37685060877194887,0.1239476982696666,0.3272237446553775
row,True,0.25,32,1.2,True,0.42952182952182955,0.3594234371789403,0.16354678063693676,0.3124375254255618
row,True,0.25,32,1.5,False,0.36923076923076925,0.3466606860306626,0.08874217605334175,0.29326135863546104
row,True,0.25,32,1.5,True,0.39251559251559254,0.3275768357001644,0.12266536315813295,0.2782503152753048
row,True,0.25,32,2.0,False,0.3567567567567568,0.3352564301938169,0.08001970176290095,0.2671347757794422
row,True,0.25,32,2.0,True,0.38461538461538464,0.3203228074508175,0.11206378846394302,0.27689203532467066
row,True,0.5,1,0.2,False,0.6103950103950104,0.5973189102493236,0.44335780711964223,0.5368403170250476
row,True,0.5,1,0.2,True,0.6103950103950104,0.5973189102493236,0.44335780711964223,0.5368403170250476
row,True,0.5,1,0.5,False,0.6103950103950104,0.5973189102493236,0.44335780711964223,0.5368403170250476
row,True,0.5,1,0.5,True,0.6103950103950104,0.5973189102493236,0.44335780711964223,0.5368403170250476
row,True,0.5,1,0.8,False,0.6103950103950104,0.5973189102493236,0.44335780711964223,0.5368403170250476
row,True,0.5,1,0.8,True,0.6103950103950104,0.5973189102493236,0.44335780711964223,0.5368403170250476
row,True,0.5,1,1.0,False,0.6103950103950104,0.5973189102493236,0.44335780711964223,0.5368403170250476
row,True,0.5,1,1.0,True,0.6103950103950104,0.5970593692202144,0.4434811765179844,0.5367411246530898
row,True,0.5,1,1.2,False,0.6116424116424116,0.5987599828884577,0.4451827648874154,0.5375645584243646
row,True,0.5,1,1.2,True,0.6112266112266113,0.5980220281377259,0.4433299768999947,0.5389369913169588
row,True,0.5,1,1.5,False,0.614968814968815,0.599818663468088,0.4472014741423328,0.5395964496187708
row,True,0.5,1,1.5,True,0.6124740124740125,0.5978377957562813,0.44355594192782427,0.5399676127533962
row,True,0.5,1,2.0,False,0.6162162162162163,0.5970125286020893,0.4450180660523647,0.541020129895683
row,True,0.5,1,2.0,True,0.6124740124740125,0.5963638087312971,0.44196779092607447,0.5391733439628595
row,True,0.5,2,0.2,False,0.6103950103950104,0.5973189102493236,0.44335780711964223,0.5368403170250476
row,True,0.5,2,0.2,True,0.6103950103950104,0.5973189102493236,0.44335780711964223,0.5368403170250476
row,True,0.5,2,0.5,False,0.6103950103950104,0.5973189102493236,0.44335780711964223,0.5368403170250476
row,True,0.5,2,0.5,True,0.6103950103950104,0.5973189102493236,0.44335780711964223,0.5368403170250476
row,True,0.5,2,0.8,False,0.6128898128898129,0.6001591073517593,0.44662175772859003,0.5384400458271857
row,True,0.5,2,0.8,True,0.6120582120582121,0.597577115875262,0.44442211901436657,0.538913404754853
row,True,0.5,2,1.0,False,0.6137214137214138,0.5967408405697368,0.4455747576248639,0.5388424972100582
row,True,0.5,2,1.0,True,0.6095634095634096,0.5918432177890944,0.440162364482687,0.5358467902583166
row,True,0.5,2,1.2,False,0.6120582120582121,0.5892933557790511,0.4406613564101484,0.5361458165436767
row,True,0.5,2,1.2,True,0.6091476091476091,0.5884734479528799,0.4386471497775971,0.5347272950516809
row,True,0.5,2,1.5,False,0.6103950103950104,0.5788157702995826,0.4313778348969613,0.5342684690547133
row,True,0.5,2,1.5,True,0.6083160083160083,0.5786730330354563,0.4294082335581018,0.5346766818748295
row,True,0.5,2,2.0,False,0.6016632016632016,0.5595392829475987,0.41099128628171155,0.5244032201453532
row,True,0.5,2,2.0,True,0.5995841995841996,0.56056219733457,0.41334909005903386,0.5259907953107712
row,True,0.5,3,0.2,False,0.6103950103950104,0.5973189102493236,0.44335780711964223,0.5368403170250476
row,True,0.5,3,0.2,True,0.6103950103950104,0.5973189102493236,0.44335780711964223,0.5368403170250476
row,True,0.5,3,0.5,False,0.6103950103950104,0.5973189102493236,0.44335780711964223,0.5368403170250476
row,True,0.5,3,0.5,True,0.6103950103950104,0.5973189102493236,0.44335780711964223,0.5368403170250476
row,True,0.5,3,0.8,False,0.6137214137214138,0.5972004127338993,0.4459517726456035,0.5390257910859574
row,True,0.5,3,0.8,True,0.6095634095634096,0.5925155982789821,0.44082564970948196,0.5361676285683846
row,True,0.5,3,1.0,False,0.6124740124740125,0.5870467219520711,0.4386392043568144,0.5355366650289399
row,True,0.5,3,1.0,True,0.6079002079002079,0.5831272025993949,0.43313319711505727,0.5347282703193831
row,True,0.5,3,1.2,False,0.6083160083160083,0.5704182029127751,0.42408167108507544,0.529737104415634
row,True,0.5,3,1.2,True,0.6083160083160083,0.5739837690812534,0.42634537280336626,0.5335642291389682
row,True,0.5,3,1.5,False,0.6,0.5543219259514656,0.4055546808248889,0.522555277323879
row,True,0.5,3,1.5,True,0.5945945945945946,0.5513046449372634,0.40240123228894453,0.5176169147499045
row,True,0.5,3,2.0,False,0.5883575883575883,0.5392641898061666,0.3842651741091106,0.5113218272190447
row,True,0.5,3,2.0,True,0.5883575883575883,0.5374710016889838,0.38721046509607615,0.5112153527690113
row,True,0.5,4,0.2,False,0.6103950103950104,0.5973189102493236,0.44335780711964223,0.5368403170250476
row,True,0.5,4,0.2,True,0.6103950103950104,0.5973189102493236,0.44335780711964223,0.5368403170250476
row,True,0.5,4,0.5,False,0.6103950103950104,0.5973189102493236,0.44335780711964223,0.5368403170250476
row,True,0.5,4,0.5,True,0.6103950103950104,0.5973189102493236,0.44335780711964223,0.5368403170250476
row,True,0.5,4,0.8,False,0.6128898128898129,0.5929485687238282,0.44352560552307635,0.5374501509963809
row,True,0.5,4,0.8,True,0.6091476091476091,0.5896146800910331,0.4385139744377488,0.5351173150775518
row,True,0.5,4,1.0,False,0.6112266112266113,0.5763231199373476,0.42982461909642433,0.5338463261499848
row,True,0.5,4,1.0,True,0.6087318087318088,0.5770445232581949,0.42980205427392076,0.534164676628921
row,True,0.5,4,1.2,False,0.6020790020790021,0.5559187655378136,0.40994647423517117,0.5232353250604789
row,True,0.5,4,1.2,True,0.5995841995841996,0.557180152338354,0.411327276573922,0.5225791415414877
row,True,0.5,4,1.5,False,0.5904365904365905,0.5391822476418255,0.3871749748384592,0.5101176136379053
row,True,0.5,4,1.5,True,0.5904365904365905,0.5383588574480023,0.39098926436860515,0.5109399308187667
row,True,0.5,4,2.0,False,0.5812889812889813,0.5245218604433913,0.37114187474756627,0.46890676865519926
row,True,0.5,4,2.0,True,0.577962577962578,0.520307575761326,0.37015123756488266,0.4694223480358699
row,True,0.5,5,0.2,False,0.6103950103950104,0.5973189102493236,0.44335780711964223,0.5368403170250476
row,True,0.5,5,0.2,True,0.6103950103950104,0.5973189102493236,0.44335780711964223,0.5368403170250476
row,True,0.5,5,0.5,False,0.6103950103950104,0.5973189102493236,0.44335780711964223,0.5368403170250476
row,True,0.5,5,0.5,True,0.6103950103950104,0.5973189102493236,0.44335780711964223,0.5368403170250476
row,True,0.5,5,0.8,False,0.6133056133056133,0.5918224791817592,0.44241603601628665,0.5377272144898493
row,True,0.5,5,0.8,True,0.60997920997921,0.5888036123454198,0.4391338539832536,0.5355969661018093
row,True,0.5,5,1.0,False,0.6087318087318088,0.5712872395950345,0.42514504638723755,0.5294614987104379
row,True,0.5,5,1.0,True,0.6103950103950104,0.5721604774001033,0.427687154054358,0.533905451637362
row,True,0.5,5,1.2,False,0.597920997920998,0.5467341637424441,0.3987881215813477,0.516689471491788
row,True,0.5,5,1.2,True,0.592931392931393,0.5441623174565956,0.39711995096874225,0.512946498293715
row,True,0.5,5,1.5,False,0.585031185031185,0.5291828389285903,0.377398603649171,0.49967339552798445
row,True,0.5,5,1.5,True,0.585031185031185,0.5257301514521306,0.37992187302274705,0.4758538071239754
row,True,0.5,5,2.0,False,0.5713097713097713,0.5127133957159028,0.35199295864019464,0.4581714588329607
row,True,0.5,5,2.0,True,0.5704781704781705,0.5066310357024177,0.35372939403694686,0.4585517601615293
row,True,0.5,6,0.2,False,0.6103950103950104,0.5973189102493236,0.44335780711964223,0.5368403170250476
row,True,0.5,6,0.2,True,0.6103950103950104,0.5973189102493236,0.44335780711964223,0.5368403170250476
row,True,0.5,6,0.5,False,0.6103950103950104,0.5973189102493236,0.44335780711964223,0.5368403170250476
row,True,0.5,6,0.5,True,0.6103950103950104,0.5967678798841158,0.44339074392017197,0.5368117870945568
row,True,0.5,6,0.8,False,0.6145530145530146,0.5916334471856667,0.4431520874449996,0.5375796871171784
row,True,0.5,6,0.8,True,0.6091476091476091,0.5870622699207876,0.4370408023653851,0.534793993501949
row,True,0.5,6,1.0,False,0.6058212058212058,0.5629045958713403,0.41747537205525376,0.5241178107539203
row,True,0.5,6,1.0,True,0.6054054054054054,0.5647576354973401,0.4201098609946798,0.5268741011953576
row,True,0.5,6,1.2,False,0.5920997920997921,0.5389932691239975,0.38796483192330977,0.5098366001799002
row,True,0.5,6,1.2,True,0.5904365904365905,0.536423344395225,0.3920226289524071,0.5083414183722005
row,True,0.5,6,1.5,False,0.5746361746361747,0.516382784329364,0.357043803419694,0.4599291982205306
row,True,0.5,6,1.5,True,0.575051975051975,0.5126816254015221,0.36172550076934046,0.4620023396875516
row,True,0.5,6,2.0,False,0.5596673596673597,0.49645369615931234,0.3305055871297863,0.4454237151562366
row,True,0.5,6,2.0,True,0.5592515592515592,0.4941353354825199,0.3330761735028034,0.4438909255741844
row,True,0.5,8,0.2,False,0.6103950103950104,0.5973189102493236,0.44335780711964223,0.5368403170250476
row,True,0.5,8,0.2,True,0.6103950103950104,0.5973189102493236,0.44335780711964223,0.5368403170250476
row,True,0.5,8,0.5,False,0.6103950103950104,0.5973189102493236,0.44335780711964223,0.5368403170250476
row,True,0.5,8,0.5,True,0.6108108108108108,0.5972005468408556,0.443797262655252,0.5372046186759818
row,True,0.5,8,0.8,False,0.6112266112266113,0.5831951594211889,0.43578579743960294,0.5348234276835733
row,True,0.5,8,0.8,True,0.6070686070686071,0.5820000883196654,0.4319887764206588,0.5329586969501956
row,True,0.5,8,1.0,False,0.6029106029106029,0.5555188020476616,0.40782648218350837,0.5207995667610015
row,True,0.5,8,1.0,True,0.6004158004158004,0.5544598011431303,0.4085934393451202,0.5190573665602949
row,True,0.5,8,1.2,False,0.5825363825363825,0.5256265178889228,0.3671560477335439,0.4668805066248518
row,True,0.5,8,1.2,True,0.5792099792099792,0.517441966508722,0.36719697389943107,0.46776081667258484
row,True,0.5,8,1.5,False,0.5600831600831601,0.4988019865357517,0.32734568141410153,0.4448009912274581
row,True,0.5,8,1.5,True,0.5588357588357589,0.4915383259704697,0.32854210297650366,0.44060645052673164
row,True,0.5,8,2.0,False,0.5467775467775468,0.48333261821274215,0.3026263105166181,0.43547320216017316
row,True,0.5,8,2.0,True,0.5405405405405406,0.4724793756598795,0.30255516834072704,0.42438805069557095
row,True,0.5,10,0.2,False,0.6103950103950104,0.5973189102493236,0.44335780711964223,0.5368403170250476
row,True,0.5,10,0.2,True,0.6103950103950104,0.5973189102493236,0.44335780711964223,0.5368403170250476
row,True,0.5,10,0.5,False,0.6103950103950104,0.5973189102493236,0.44335780711964223,0.5368403170250476
row,True,0.5,10,0.5,True,0.6108108108108108,0.5972005468408556,0.443797262655252,0.5372046186759818
row,True,0.5,10,0.8,False,0.6116424116424116,0.5831460067227368,0.4356978140336005,0.5341644131184862
row,True,0.5,10,0.8,True,0.6070686070686071,0.580545840238599,0.4314338176554838,0.5328847680978126
row,True,0.5,10,1.0,False,0.5975051975051975,0.546921050509045,0.39743290095350053,0.5133864365010931
row,True,0.5,10,1.0,True,0.595010395010395,0.542510732383196,0.39822235459820593,0.511801050339868
row,True,0.5,10,1.2,False,0.5696465696465697,0.510285261465256,0.3430108265740616,0.4536017402387067
row,True,0.5,10,1.2,True,0.5713097713097713,0.5063214351262426,0.34710491018362416,0.453752182321292
row,True,0.5,10,1.5,False,0.5434511434511434,0.48054377732675463,0.2922010215355283,0.4331330163898208
row,True,0.5,10,1.5,True,0.5397089397089397,0.4706247758160691,0.2958828343140918,0.4227203458405437
row,True,0.5,10,2.0,False,0.5176715176715176,0.46237826290432826,0.2582678644210216,0.4122755031401745
row,True,0.5,10,2.0,True,0.5222453222453223,0.4547742029944142,0.2700971357102546,0.40697339859985926
row,True,0.5,12,0.2,False,0.6103950103950104,0.5973189102493236,0.44335780711964223,0.5368403170250476
row,True,0.5,12,0.2,True,0.6103950103950104,0.5973189102493236,0.44335780711964223,0.5368403170250476
row,True,0.5,12,0.5,False,0.6103950103950104,0.5973189102493236,0.44335780711964223,0.5368403170250476
row,True,0.5,12,0.5,True,0.6108108108108108,0.5972005468408556,0.443797262655252,0.5372046186759818
row,True,0.5,12,0.8,False,0.6108108108108108,0.5820627465565709,0.43444523661455153,0.5335121920004697
row,True,0.5,12,0.8,True,0.6070686070686071,0.5796023610430753,0.4312689196828422,0.5327348080594759
row,True,0.5,12,1.0,False,0.5925155925155925,0.5387137029650917,0.3872837152467021,0.5081655340454899
row,True,0.5,12,1.0,True,0.5908523908523908,0.5344833002317548,0.3891707336266826,0.4784388414048802
row,True,0.5,12,1.2,False,0.5609147609147609,0.49841867760571384,0.32035267414417395,0.4453323123538007
row,True,0.5,12,1.2,True,0.562993762993763,0.4964542943420735,0.32800438120174363,0.4433799873310596
row,True,0.5,12,1.5,False,0.5164241164241165,0.463387995418953,0.25330951062987717,0.4078416273619574
row,True,0.5,12,1.5,True,0.5197505197505198,0.45213137219407035,0.26387039534785617,0.4046276426525089
row,True,0.5,12,2.0,False,0.501039501039501,0.449957432656208,0.23475883826547123,0.39119438190096123
row,True,0.5,12,2.0,True,0.5002079002079002,0.43801471828969274,0.2441149825269689,0.388903331727861
row,True,0.5,16,0.2,False,0.6103950103950104,0.5973189102493236,0.44335780711964223,0.5368403170250476
row,True,0.5,16,0.2,True,0.6103950103950104,0.5973189102493236,0.44335780711964223,0.5368403170250476
row,True,0.5,16,0.5,False,0.6103950103950104,0.5973189102493236,0.44335780711964223,0.5368403170250476
row,True,0.5,16,0.5,True,0.6108108108108108,0.5972005468408556,0.443797262655252,0.5372046186759818
row,True,0.5,16,0.8,False,0.6112266112266113,0.5822641984864413,0.4350127865297363,0.5336711428639284
row,True,0.5,16,0.8,True,0.6074844074844075,0.5798244037302185,0.43161291013697417,0.53303072820134
row,True,0.5,16,1.0,False,0.5875259875259875,0.5306934739360192,0.3730601828558462,0.4699715312760526
row,True,0.5,16,1.0,True,0.5858627858627858,0.524194122594725,0.3743259613312724,0.47155803066658714
row,True,0.5,16,1.2,False,0.5239085239085239,0.47198738003008167,0.25977610010317503,0.41742009367539196
row,True,0.5,16,1.2,True,0.5293139293139293,0.4621955519942807,0.27120155634920085,0.413207706327395
row,True,0.5,16,1.5,False,0.4814968814968815,0.43959367135060784,0.2126784560882038,0.3712587842814135
row,True,0.5,16,1.5,True,0.4735966735966736,0.42164452019167303,0.21823109883435002,0.3652907228422261
row,True,0.5,16,2.0,False,0.4777546777546778,0.43105175842498133,0.20304459362207633,0.3611764761398116
row,True,0.5,16,2.0,True,0.46694386694386697,0.4138431741464486,0.21047657304581177,0.3442030454834504
row,True,0.5,20,0.2,False,0.6103950103950104,0.5973189102493236,0.44335780711964223,0.5368403170250476
row,True,0.5,20,0.2,True,0.6103950103950104,0.5973189102493236,0.44335780711964223,0.5368403170250476
row,True,0.5,20,0.5,False,0.6103950103950104,0.5973189102493236,0.44335780711964223,0.5368403170250476
row,True,0.5,20,0.5,True,0.6108108108108108,0.5972005468408556,0.443797262655252,0.5372046186759818
row,True,0.5,20,0.8,False,0.6112266112266113,0.5817667162300255,0.43496189552189607,0.5335571784117201
row,True,0.5,20,0.8,True,0.6079002079002079,0.580075400238705,0.43229189865983186,0.5332380326674423
row,True,0.5,20,1.0,False,0.5804573804573805,0.5216462866970631,0.35545512684330227,0.4632780419872247
row,True,0.5,20,1.0,True,0.5821205821205822,0.519202859348977,0.3632594095663896,0.4635841720192515
row,True,0.5,20,1.2,False,0.488981288981289,0.448059444884139,0.21677581136379676,0.3764416567082279
row,True,0.5,20,1.2,True,0.4835758835758836,0.43301839126857744,0.22390958374090378,0.3718744884391198
row,True,0.5,20,1.5,False,0.47110187110187113,0.4135967966906223,0.1872752928964854,0.3497857109595973
row,True,0.5,20,1.5,True,0.4652806652806653,0.40406154805967887,0.19801268674393757,0.3403200792706307
row,True,0.5,20,2.0,False,0.4623700623700624,0.4071688820904181,0.17587593614535435,0.3450466058982562
row,True,0.5,20,2.0,True,0.45862785862785865,0.39620790534218014,0.19051093285710374,0.33720417085010335
row,True,0.5,24,0.2,False,0.6103950103950104,0.5973189102493236,0.44335780711964223,0.5368403170250476
row,True,0.5,24,0.2,True,0.6103950103950104,0.5973189102493236,0.44335780711964223,0.5368403170250476
row,True,0.5,24,0.5,False,0.6103950103950104,0.5973189102493236,0.44335780711964223,0.5368403170250476
row,True,0.5,24,0.5,True,0.6108108108108108,0.5972005468408556,0.443797262655252,0.5372046186759818
row,True,0.5,24,0.8,False,0.6112266112266113,0.5817667162300255,0.43496189552189607,0.5335571784117201
row,True,0.5,24,0.8,True,0.6079002079002079,0.580075400238705,0.43229189865983186,0.5332380326674423
row,True,0.5,24,1.0,False,0.5733887733887734,0.5126393373611273,0.3419184386419681,0.45495281708237706
row,True,0.5,24,1.0,True,0.5767151767151767,0.5146939014718045,0.35216888736805585,0.45781971204997135
row,True,0.5,24,1.2,False,0.4723492723492724,0.42235935944243935,0.18962059019342384,0.3518217586294445
row,True,0.5,24,1.2,True,0.47193347193347196,0.41195593279172016,0.20326940618543493,0.34009225897465145
row,True,0.5,24,1.5,False,0.4411642411642412,0.39664710374787404,0.15784464564941986,0.3415351704257604
row,True,0.5,24,1.5,True,0.4486486486486487,0.3831962107593169,0.18358444008948915,0.3256375486878059
row,True,0.5,24,2.0,False,0.4361746361746362,0.3904206876954417,0.15145624242113964,0.3372291349982517
row,True,0.5,24,2.0,True,0.45280665280665283,0.3820187514428013,0.1860303429204902,0.328167124529408
row,True,0.5,32,0.2,False,0.6103950103950104,0.5973189102493236,0.44335780711964223,0.5368403170250476
row,True,0.5,32,0.2,True,0.6103950103950104,0.5973189102493236,0.44335780711964223,0.5368403170250476
row,True,0.5,32,0.5,False,0.6103950103950104,0.5973189102493236,0.44335780711964223,0.5368403170250476
row,True,0.5,32,0.5,True,0.6108108108108108,0.5972005468408556,0.443797262655252,0.5372046186759818
row,True,0.5,32,0.8,False,0.6112266112266113,0.5817667162300255,0.43496189552189607,0.5335571784117201
row,True,0.5,32,0.8,True,0.6079002079002079,0.5792485989108284,0.431903692040686,0.5329965275879335
row,True,0.5,32,1.0,False,0.562993762993763,0.5007303838554801,0.31267270482832904,0.4457671167891895
row,True,0.5,32,1.0,True,0.567983367983368,0.5035329185296,0.328606411253737,0.4484847470479395
row,True,0.5,32,1.2,False,0.41954261954261957,0.37990094701687654,0.13071551375653623,0.3302599567432493
row,True,0.5,32,1.2,True,0.4382536382536383,0.36717543675085346,0.17035932051692612,0.31731010219451816
row,True,0.5,32,1.5,False,0.3758835758835759,0.3498208985402594,0.09464422128400718,0.2972757020879262
row,True,0.5,32,1.5,True,0.4,0.33606007412834615,0.1323210335651342,0.29494396031020614
row,True,0.5,32,2.0,False,0.36673596673596676,0.3439259897054413,0.08648820658148255,0.2760195562322434
row,True,0.5,32,2.0,True,0.38752598752598755,0.32449794676622895,0.11723931946511515,0.2869629494355581
row,True,1.0,1,0.2,False,0.6103950103950104,0.5973189102493236,0.44335780711964223,0.5368403170250476
row,True,1.0,1,0.2,True,0.6103950103950104,0.5973189102493236,0.44335780711964223,0.5368403170250476
row,True,1.0,1,0.5,False,0.6103950103950104,0.5973189102493236,0.44335780711964223,0.5368403170250476
row,True,1.0,1,0.5,True,0.6103950103950104,0.5973189102493236,0.44335780711964223,0.5368403170250476
row,True,1.0,1,0.8,False,0.6103950103950104,0.5973189102493236,0.44335780711964223,0.5368403170250476
row,True,1.0,1,0.8,True,0.6103950103950104,0.5973189102493236,0.44335780711964223,0.5368403170250476
row,True,1.0,1,1.0,False,0.6103950103950104,0.5973189102493236,0.44335780711964223,0.5368403170250476
row,True,1.0,1,1.0,True,0.6103950103950104,0.5973189102493236,0.44335780711964223,0.5368403170250476
row,True,1.0,1,1.2,False,0.6103950103950104,0.5973189102493236,0.44335780711964223,0.5368403170250476
row,True,1.0,1,1.2,True,0.6108108108108108,0.5975502752813995,0.44386840942555644,0.5371229248904096
row,True,1.0,1,1.5,False,0.6145530145530146,0.6012900449665177,0.448285486171781,0.5394180991218772
row,True,1.0,1,1.5,True,0.6120582120582121,0.5982563961706484,0.44430534926605786,0.538344337558499
row,True,1.0,1,2.0,False,0.6174636174636174,0.602932420732493,0.45054320085912064,0.540633042056598
row,True,1.0,1,2.0,True,0.6153846153846154,0.6013550098309929,0.44755249156814775,0.5406708114155305
row,True,1.0,2,0.2,False,0.6103950103950104,0.5973189102493236,0.44335780711964223,0.5368403170250476
row,True,1.0,2,0.2,True,0.6103950103950104,0.5973189102493236,0.44335780711964223,0.5368403170250476
row,True,1.0,2,0.5,False,0.6103950103950104,0.5973189102493236,0.44335780711964223,0.5368403170250476
row,True,1.0,2,0.5,True,0.6103950103950104,0.5973189102493236,0.44335780711964223,0.5368403170250476
row,True,1.0,2,0.8,False,0.6120582120582121,0.5991196069397604,0.44542393428903454,0.5378930725713953
row,True,1.0,2,0.8,True,0.6120582120582121,0.5983426451098425,0.44487929281958316,0.538127306155766
row,True,1.0,2,1.0,False,0.6153846153846154,0.6015179279800817,0.4487878008156034,0.539823335471054
row,True,1.0,2,1.0,True,0.6124740124740125,0.5980710698624677,0.4452139979563644,0.538495251451791
row,True,1.0,2,1.2,False,0.6145530145530146,0.5973146427722611,0.4461297534664947,0.5393571377214306
row,True,1.0,2,1.2,True,0.6141372141372141,0.5973382948583,0.4454664299295409,0.5393062624992175
row,True,1.0,2,1.5,False,0.6199584199584199,0.5975378459552704,0.44889317685237723,0.5424576348934631
row,True,1.0,2,1.5,True,0.6137214137214138,0.5936465790805855,0.44263676937294905,0.5382570685053064
row,True,1.0,2,2.0,False,0.6133056133056133,0.5834931184502344,0.43598845866310715,0.5345416174899972
row,True,1.0,2,2.0,True,0.6116424116424116,0.5840133542283719,0.43571944021279274,0.5369442083546566
row,True,1.0,3,0.2,False,0.6103950103950104,0.5973189102493236,0.44335780711964223,0.5368403170250476
row,True,1.0,3,0.2,True,0.6103950103950104,0.5973189102493236,0.44335780711964223,0.5368403170250476
row,True,1.0,3,0.5,False,0.6103950103950104,0.5973189102493236,0.44335780711964223,0.5368403170250476
row,True,1.0,3,0.5,True,0.6103950103950104,0.5973189102493236,0.44335780711964223,0.5368403170250476
row,True,1.0,3,0.8,False,0.6145530145530146,0.6002953816116136,0.44782541101318174,0.5390300012650882
row,True,1.0,3,0.8,True,0.6120582120582121,0.5973178925650368,0.4446097442231792,0.5383354328960942
row,True,1.0,3,1.0,False,0.6166320166320166,0.5979737489075987,0.4478406820750349,0.5406908930535034
row,True,1.0,3,1.0,True,0.6116424116424116,0.5925472004671242,0.4423326034558969,0.5368239798942256
row,True,1.0,3,1.2,False,0.614968814968815,0.5873867658830221,0.4396644640031834,0.5350203243566432
row,True,1.0,3,1.2,True,0.6128898128898129,0.5878689776272732,0.4372084358895845,0.5392775156115257
row,True,1.0,3,1.5,False,0.6079002079002079,0.5706770248593638,0.4249029914147974,0.5285652172702856
row,True,1.0,3,1.5,True,0.6054054054054054,0.5690395084255719,0.42305751477087494,0.5279154093807571
row,True,1.0,3,2.0,False,0.5987525987525988,0.5508451824441302,0.4035438610747325,0.5201873994405403
row,True,1.0,3,2.0,True,0.5954261954261955,0.5486792676464005,0.40541795336185277,0.5162034237700988
row,True,1.0,4,0.2,False,0.6103950103950104,0.5973189102493236,0.44335780711964223,0.5368403170250476
row,True,1.0,4,0.2,True,0.6103950103950104,0.5973189102493236,0.44335780711964223,0.5368403170250476
row,True,1.0,4,0.5,False,0.6103950103950104,0.5973189102493236,0.44335780711964223,0.5368403170250476
row,True,1.0,4,0.5,True,0.6103950103950104,0.5973189102493236,0.44335780711964223,0.5368403170250476
row,True,1.0,4,0.8,False,0.614968814968815,0.5983913954747648,0.44752204461596296,0.5386202875206509
row,True,1.0,4,0.8,True,0.6124740124740125,0.5964433602746027,0.44441441142705246,0.5384224833379624
row,True,1.0,4,1.0,False,0.6153846153846154,0.5873137406117663,0.4402224933166911,0.538324493092009
row,True,1.0,4,1.0,True,0.6108108108108108,0.5876994404607311,0.437369581087727,0.5361230119907918
row,True,1.0,4,1.2,False,0.6103950103950104,0.5720866780373742,0.42757096805706,0.5302562959393415
row,True,1.0,4,1.2,True,0.6091476091476091,0.5724303588223213,0.427295506044517,0.5313531345756161
row,True,1.0,4,1.5,False,0.6008316008316008,0.5513565456986542,0.4056332431202494,0.519392518385933
row,True,1.0,4,1.5,True,0.5958419958419958,0.548761738003709,0.4061234054982217,0.5162515882825939
row,True,1.0,4,2.0,False,0.5858627858627858,0.5307905674819364,0.3819407956793775,0.469851982736278
row,True,1.0,4,2.0,True,0.5866943866943867,0.5305698581897202,0.38420285440887797,0.477269407688899
row,True,1.0,5,0.2,False,0.6103950103950104,0.5973189102493236,0.44335780711964223,0.5368403170250476
row,True,1.0,5,0.2,True,0.6103950103950104,0.5973189102493236,0.44335780711964223,0.5368403170250476
row,True,1.0,5,0.5,False,0.6103950103950104,0.5973189102493236,0.44335780711964223,0.5368403170250476
row,True,1.0,5,0.5,True,0.6103950103950104,0.5973189102493236,0.44335780711964223,0.5368403170250476
row,True,1.0,5,0.8,False,0.6153846153846154,0.598718323578094,0.44767369158178577,0.5394345775277565
row,True,1.0,5,0.8,True,0.6116424116424116,0.5939027741558002,0.44269048826486807,0.5368960944101488
row,True,1.0,5,1.0,False,0.6116424116424116,0.5793701201130496,0.433353036936796,0.5307335380320178
row,True,1.0,5,1.0,True,0.6137214137214138,0.5832299538191579,0.4363098348964273,0.5382116619801764
row,True,1.0,5,1.2,False,0.6054054054054054,0.5607301663304912,0.4156063990264409,0.5228138259412195
row,True,1.0,5,1.2,True,0.6016632016632016,0.5572987952893238,0.4138287158496879,0.5201860563742072
row,True,1.0,5,1.5,False,0.5871101871101871,0.5327384559384963,0.3831913704425934,0.4699760473928778
row,True,1.0,5,1.5,True,0.5887733887733888,0.5346502307669339,0.3903679188928324,0.4794325325734212
row,True,1.0,5,2.0,False,0.5775467775467775,0.516988983906354,0.3624214615819532,0.46429313256512267
row,True,1.0,5,2.0,True,0.575051975051975,0.5127992087749255,0.3621813208134049,0.46543270116533964
row,True,1.0,6,0.2,False,0.6103950103950104,0.5973189102493236,0.44335780711964223,0.5368403170250476
row,True,1.0,6,0.2,True,0.6103950103950104,0.5973189102493236,0.44335780711964223,0.5368403170250476
row,True,1.0,6,0.5,False,0.6103950103950104,0.5973189102493236,0.44335780711964223,0.5368403170250476
row,True,1.0,6,0.5,True,0.6103950103950104,0.5973189102493236,0.44335780711964223,0.5368403170250476
row,True,1.0,6,0.8,False,0.6158004158004158,0.5969559553934205,0.44764058947314855,0.5394230875766378
row,True,1.0,6,0.8,True,0.6124740124740125,0.5941406260851714,0.4438008670881735,0.5372151695150498
row,True,1.0,6,1.0,False,0.6133056133056133,0.5770286888921359,0.43289258082904003,0.5014888205341332
row,True,1.0,6,1.0,True,0.6116424116424116,0.5770197584386753,0.4312872516443629,0.5348339284024652
row,True,1.0,6,1.2,False,0.6024948024948025,0.5523008974690118,0.40602693660528894,0.5194744799534035
row,True,1.0,6,1.2,True,0.5958419958419958,0.5477864849746974,0.40399484282728065,0.5141960324372957
row,True,1.0,6,1.5,False,0.5821205821205822,0.524710497540466,0.37219489102111797,0.46673259998337113
row,True,1.0,6,1.5,True,0.5808731808731808,0.519687014768556,0.372952654717847,0.46573288599757656
row,True,1.0,6,2.0,False,0.5675675675675675,0.5080598324316077,0.3466342830828709,0.4546538310688043
row,True,1.0,6,2.0,True,0.5654885654885655,0.5005313828105787,0.34625207811764924,0.45243008062457185
row,True,1.0,8,0.2,False,0.6103950103950104,0.5973189102493236,0.44335780711964223,0.5368403170250476
row,True,1.0,8,0.2,True,0.6103950103950104,0.5973189102493236,0.44335780711964223,0.5368403170250476
row,True,1.0,8,0.5,False,0.6103950103950104,0.5973189102493236,0.44335780711964223,0.5368403170250476
row,True,1.0,8,0.5,True,0.6103950103950104,0.5973189102493236,0.44335780711964223,0.5368403170250476
row,True,1.0,8,0.8,False,0.6170478170478171,0.5966710302108942,0.44732640536640744,0.5411429153906614
row,True,1.0,8,0.8,True,0.6120582120582121,0.5927391000092685,0.4427319575221383,0.5369105481303214
row,True,1.0,8,1.0,False,0.6079002079002079,0.5648462525167234,0.4203589636731604,0.5243950169510677
row,True,1.0,8,1.0,True,0.6070686070686071,0.5648777088113479,0.42080464304133064,0.49545378299395143
row,True,1.0,8,1.2,False,0.5875259875259875,0.5312083909071972,0.3803547960738669,0.4983906157221514
row,True,1.0,8,1.2,True,0.5846153846153846,0.5245769726486157,0.38049330111269897,0.47295773021530274
row,True,1.0,8,1.5,False,0.5638253638253639,0.5039115582479156,0.3378910884025864,0.4491006927003153
row,True,1.0,8,1.5,True,0.5642411642411642,0.49752141808604794,0.33894888467146983,0.4478870908345307
row,True,1.0,8,2.0,False,0.5496881496881497,0.4858239224428554,0.314216391782206,0.43737210864850595
row,True,1.0,8,2.0,True,0.5459459459459459,0.47780859992679964,0.31341403157702913,0.42998112976056735
row,True,1.0,10,0.2,False,0.6103950103950104,0.5973189102493236,0.44335780711964223,0.5368403170250476
row,True,1.0,10,0.2,True,0.6103950103950104,0.5973189102493236,0.44335780711964223,0.5368403170250476
row,True,1.0,10,0.5,False,0.6103950103950104,0.5973189102493236,0.44335780711964223,0.5368403170250476
row,True,1.0,10,0.5,True,0.6103950103950104,0.5973189102493236,0.44335780711964223,0.5368403170250476
row,True,1.0,10,0.8,False,0.6170478170478171,0.5956514041257193,0.44724450430304885,0.5403975247610281
row,True,1.0,10,0.8,True,0.6116424116424116,0.5915610324739395,0.4415917562973258,0.5367756290615542
row,True,1.0,10,1.0,False,0.6045738045738046,0.5577903441176572,0.4116872909780164,0.5203569731035086
row,True,1.0,10,1.0,True,0.604989604989605,0.5580911054653973,0.41476806725084675,0.5208146090825022
row,True,1.0,10,1.2,False,0.5738045738045738,0.5153390538665374,0.354418533139823,0.4569386216006976
row,True,1.0,10,1.2,True,0.5746361746361747,0.50871016765688,0.3566576799120606,0.455375980776276
row,True,1.0,10,1.5,False,0.5513513513513514,0.48760411693586975,0.3085262833318207,0.43851402123409067
row,True,1.0,10,1.5,True,0.5467775467775468,0.4771374949344498,0.31091360428144693,0.4282894277494077
row,True,1.0,10,2.0,False,0.5318087318087318,0.47226945587337726,0.28001257932382906,0.42264737689421544
row,True,1.0,10,2.0,True,0.5326403326403326,0.46147889298037875,0.28688066333995915,0.44346266384214594
row,True,1.0,12,0.2,False,0.6103950103950104,0.5973189102493236,0.44335780711964223,0.5368403170250476
row,True,1.0,12,0.2,True,0.6103950103950104,0.5973189102493236,0.44335780711964223,0.5368403170250476
row,True,1.0,12,0.5,False,0.6103950103950104,0.5973189102493236,0.44335780711964223,0.5368403170250476
row,True,1.0,12,0.5,True,0.6103950103950104,0.5973189102493236,0.44335780711964223,0.5368403170250476
row,True,1.0,12,0.8,False,0.6166320166320166,0.5948557099038269,0.44654864489089335,0.539728542460444
row,True,1.0,12,0.8,True,0.6103950103950104,0.5883453875734116,0.43860919545918337,0.5355150341907007
row,True,1.0,12,1.0,False,0.6016632016632016,0.5495479446206358,0.4037599355861888,0.5162083429438229
row,True,1.0,12,1.0,True,0.6008316008316008,0.5482910354452248,0.4062843641811303,0.5149242914957718
row,True,1.0,12,1.2,False,0.565072765072765,0.5038726063383182,0.3339548904056639,0.44848227951681857
row,True,1.0,12,1.2,True,0.5704781704781705,0.5058106720860756,0.3436563123490976,0.4505669257792728
row,True,1.0,12,1.5,False,0.5284823284823285,0.47174978623770986,0.2750689227917324,0.41853431693463644
row,True,1.0,12,1.5,True,0.5313929313929314,0.4623155954834061,0.2827278139515382,0.4144667839519775
row,True,1.0,12,2.0,False,0.5122661122661123,0.45968793575215045,0.2524087839632194,0.40288435025918834
row,True,1.0,12,2.0,True,0.511018711018711,0.4461602856492184,0.2555968342135038,0.3980108512847068
row,True,1.0,16,0.2,False,0.6103950103950104,0.5973189102493236,0.44335780711964223,0.5368403170250476
row,True,1.0,16,0.2,True,0.6103950103950104,0.5973189102493236,0.44335780711964223,0.5368403170250476
row,True,1.0,16,0.5,False,0.6103950103950104,0.5973189102493236,0.44335780711964223,0.5368403170250476
row,True,1.0,16,0.5,True,0.6103950103950104,0.5973189102493236,0.44335780711964223,0.5368403170250476
row,True,1.0,16,0.8,False,0.6178794178794179,0.5940223608903922,0.44726677882043986,0.5404033628730298
row,True,1.0,16,0.8,True,0.6112266112266113,0.588731340728199,0.43927745188863265,0.5360627867031821
row,True,1.0,16,1.0,False,0.5945945945945946,0.5382257402578313,0.38752897642218626,0.5038488358814495
row,True,1.0,16,1.0,True,0.5933471933471933,0.5332986059384822,0.3897567260944301,0.4781596433487451
row,True,1.0,16,1.2,False,0.5334719334719334,0.4783434729811353,0.2769872420914992,0.423607837367064
row,True,1.0,16,1.2,True,0.5388773388773389,0.46819005333670455,0.28734846245885265,0.4197330157205651
row,True,1.0,16,1.5,False,0.4885654885654886,0.44381665542783655,0.2219108473383405,0.37652059703134605
row,True,1.0,16,1.5,True,0.48274428274428277,0.427851306122879,0.2305640211098439,0.3725251022958871
row,True,1.0,16,2.0,False,0.4802494802494803,0.43650916650890015,0.21440849049788532,0.3648107273970225
row,True,1.0,16,2.0,True,0.4673596673596674,0.4192486058312021,0.2182395440168448,0.36181520728412814
row,True,1.0,20,0.2,False,0.6103950103950104,0.5973189102493236,0.44335780711964223,0.5368403170250476
row,True,1.0,20,0.2,True,0.6103950103950104,0.5973189102493236,0.44335780711964223,0.5368403170250476
row,True,1.0,20,0.5,False,0.6103950103950104,0.5973189102493236,0.44335780711964223,0.5368403170250476
row,True,1.0,20,0.5,True,0.6103950103950104,0.5973189102493236,0.44335780711964223,0.5368403170250476
row,True,1.0,20,0.8,False,0.6174636174636174,0.5934390211846527,0.4462985698729583,0.5401472308895682
row,True,1.0,20,0.8,True,0.6116424116424116,0.5891909990811509,0.4398881413687768,0.5365539866740275
row,True,1.0,20,1.0,False,0.587941787941788,0.5290925690616244,0.37214995152195257,0.4964486347985969
row,True,1.0,20,1.0,True,0.5866943866943867,0.5235746949222858,0.3754112685327882,0.4666095535810584
row,True,1.0,20,1.2,False,0.498960498960499,0.45450676428279274,0.2302225318133672,0.38428137206867174
row,True,1.0,20,1.2,True,0.4985446985446986,0.4408087045925059,0.23998505319049826,0.38263145715475017
row,True,1.0,20,1.5,False,0.47900207900207903,0.4226304901207878,0.19780163560760258,0.3586497094681503
row,True,1.0,20,1.5,True,0.47193347193347196,0.4102662873543914,0.2066743044954442,0.340513109390552
row,True,1.0,20,2.0,False,0.47442827442827445,0.41590321370575417,0.19066387073948327,0.3573492956827107
row,True,1.0,20,2.0,True,0.46611226611226614,0.40455863092331057,0.19980908165582603,0.341862249372356
row,True,1.0,24,0.2,False,0.6103950103950104,0.5973189102493236,0.44335780711964223,0.5368403170250476
row,True,1.0,24,0.2,True,0.6103950103950104,0.5973189102493236,0.44335780711964223,0.5368403170250476
row,True,1.0,24,0.5,False,0.6103950103950104,0.5973189102493236,0.44335780711964223,0.5368403170250476
row,True,1.0,24,0.5,True,0.6103950103950104,0.5973189102493236,0.44335780711964223,0.5368403170250476
row,True,1.0,24,0.8,False,0.6174636174636174,0.5934390211846527,0.4462985698729583,0.5401472308895682
row,True,1.0,24,0.8,True,0.6116424116424116,0.5891909990811509,0.4398881413687768,0.5365539866740275
row,True,1.0,24,1.0,False,0.5821205821205822,0.524666483923855,0.359480019905529,0.4634938957006364
row,True,1.0,24,1.0,True,0.582952182952183,0.5206806774486711,0.3651347130120584,0.4636251876232683
row,True,1.0,24,1.2,False,0.4810810810810811,0.4310810298757314,0.20227217163789019,0.36131295417145876
row,True,1.0,24,1.2,True,0.47733887733887737,0.41821325762007416,0.21077257227597787,0.3448712151173809
row,True,1.0,24,1.5,False,0.4540540540540541,0.40304561026057245,0.16845803199377105,0.34759003912384023
row,True,1.0,24,1.5,True,0.4598752598752599,0.3921616262009816,0.19044173393222535,0.334465732261765
row,True,1.0,24,2.0,False,0.4461538461538462,0.399445859009522,0.16096222902845617,0.3439368277454229
row,True,1.0,24,2.0,True,0.4540540540540541,0.38454946891902125,0.18690994286679624,0.32734322008557853
row,True,1.0,32,0.2,False,0.6103950103950104,0.5973189102493236,0.44335780711964223,0.5368403170250476
row,True,1.0,32,0.2,True,0.6103950103950104,0.5973189102493236,0.44335780711964223,0.5368403170250476
row,True,1.0,32,0.5,False,0.6103950103950104,0.5973189102493236,0.44335780711964223,0.5368403170250476
row,True,1.0,32,0.5,True,0.6103950103950104,0.5973189102493236,0.44335780711964223,0.5368403170250476
row,True,1.0,32,0.8,False,0.6170478170478171,0.59267875290505,0.44545833934492346,0.539869528005966
row,True,1.0,32,0.8,True,0.6116424116424116,0.5891909990811509,0.4398881413687768,0.5365539866740275
row,True,1.0,32,1.0,False,0.5692307692307692,0.5074553245721809,0.3275647687365995,0.45025054481768323
row,True,1.0,32,1.0,True,0.5758835758835759,0.5114258644775863,0.3442070064570784,0.4541961544129488
row,True,1.0,32,1.2,False,0.43534303534303537,0.3893990860221286,0.14620291986549186,0.33671148651046195
row,True,1.0,32,1.2,True,0.451975051975052,0.37927336723014304,0.18054811027851275,0.3289618210072079
row,True,1.0,32,1.5,False,0.3941787941787942,0.36298738088307425,0.10936013128615145,0.3148847155415748
row,True,1.0,32,1.5,True,0.4079002079002079,0.34171353823326744,0.14577601108200888,0.29724804001765315
row,True,1.0,32,2.0,False,0.38212058212058214,0.35434810629718105,0.09782901343358741,0.3085345095000888
row,True,1.0,32,2.0,True,0.4020790020790021,0.337752959737506,0.13561999569665947,0.2949690810991049
row,True,2.0,1,0.2,False,0.6103950103950104,0.5973189102493236,0.44335780711964223,0.5368403170250476
row,True,2.0,1,0.2,True,0.6103950103950104,0.5973189102493236,0.44335780711964223,0.5368403170250476
row,True,2.0,1,0.5,False,0.6103950103950104,0.5973189102493236,0.44335780711964223,0.5368403170250476
row,True,2.0,1,0.5,True,0.6103950103950104,0.5973189102493236,0.44335780711964223,0.5368403170250476
row,True,2.0,1,0.8,False,0.6103950103950104,0.5973189102493236,0.44335780711964223,0.5368403170250476
row,True,2.0,1,0.8,True,0.6103950103950104,0.5973189102493236,0.44335780711964223,0.5368403170250476
row,True,2.0,1,1.0,False,0.6103950103950104,0.5973189102493236,0.44335780711964223,0.5368403170250476
row,True,2.0,1,1.0,True,0.6103950103950104,0.5973189102493236,0.44335780711964223,0.5368403170250476
row,True,2.0,1,1.2,False,0.6103950103950104,0.5973189102493236,0.44335780711964223,0.5368403170250476
row,True,2.0,1,1.2,True,0.6108108108108108,0.5978098848942635,0.4437448635653161,0.5372221172623676
row,True,2.0,1,1.5,False,0.6124740124740125,0.5993137373173313,0.44574817505534303,0.5381881628590587
row,True,2.0,1,1.5,True,0.6120582120582121,0.598725681179426,0.44478319841926256,0.5381917245392074
row,True,2.0,1,2.0,False,0.6153846153846154,0.6021455725474105,0.44941510496432097,0.5398192031219552
row,True,2.0,1,2.0,True,0.6128898128898129,0.5991789328297504,0.4459074296430824,0.5384785691385671
row,True,2.0,2,0.2,False,0.6103950103950104,0.5973189102493236,0.44335780711964223,0.5368403170250476
row,True,2.0,2,0.2,True,0.6103950103950104,0.5973189102493236,0.44335780711964223,0.5368403170250476
row,True,2.0,2,0.5,False,0.6103950103950104,0.5973189102493236,0.44335780711964223,0.5368403170250476
row,True,2.0,2,0.5,True,0.6103950103950104,0.5973189102493236,0.44335780711964223,0.5368403170250476
row,True,2.0,2,0.8,False,0.6108108108108108,0.5978098848942635,0.4437448635653161,0.5372221172623676
row,True,2.0,2,0.8,True,0.6116424116424116,0.5985305819940164,0.4444575813720561,0.5378968934251391
row,True,2.0,2,1.0,False,0.6141372141372141,0.6012206685886691,0.44795751011551543,0.5391644222455954
row,True,2.0,2,1.0,True,0.6133056133056133,0.5994818587124637,0.4461976530197321,0.5386381674913574
row,True,2.0,2,1.2,False,0.6174636174636174,0.6037095846970111,0.4515971364888281,0.540819496413116
row,True,2.0,2,1.2,True,0.6137214137214138,0.5999130303246744,0.44707662140493126,0.5384757055489978
row,True,2.0,2,1.5,False,0.6170478170478171,0.6011433491214202,0.4499052167544279,0.5398261700388199
row,True,2.0,2,1.5,True,0.6153846153846154,0.5995676378601802,0.4475801194682067,0.5396504428753642
row,True,2.0,2,2.0,False,0.6207900207900208,0.598650892802369,0.449759999627521,0.5418170260968647
row,True,2.0,2,2.0,True,0.6158004158004158,0.5967197747197451,0.44555105415828794,0.538918660167957
row,True,2.0,3,0.2,False,0.6103950103950104,0.5973189102493236,0.44335780711964223,0.5368403170250476
row,True,2.0,3,0.2,True,0.6103950103950104,0.5973189102493236,0.44335780711964223,0.5368403170250476
row,True,2.0,3,0.5,False,0.6103950103950104,0.5973189102493236,0.44335780711964223,0.5368403170250476
row,True,2.0,3,0.5,True,0.6103950103950104,0.5973189102493236,0.44335780711964223,0.5368403170250476
row,True,2.0,3,0.8,False,0.6141372141372141,0.6013600470803384,0.44804358191509397,0.5391429961955104
row,True,2.0,3,0.8,True,0.6133056133056133,0.599733125102002,0.4466361509863947,0.5385892348530285
row,True,2.0,3,1.0,False,0.6162162162162163,0.6007471617747588,0.44947733828186764,0.5394803832104156
row,True,2.0,3,1.0,True,0.614968814968815,0.599834824493606,0.44778470678748034,0.5394070081907514
row,True,2.0,3,1.2,False,0.6199584199584199,0.5997139231436552,0.4511945194921343,0.5412940001289989
row,True,2.0,3,1.2,True,0.6166320166320166,0.5984065076415205,0.44764463218026934,0.5407920728171838
row,True,2.0,3,1.5,False,0.6207900207900208,0.5969089465748614,0.4488861671119291,0.5399358764273
row,True,2.0,3,1.5,True,0.6166320166320166,0.5928578624815004,0.44356084831096537,0.5385346182914817
row,True,2.0,3,2.0,False,0.6137214137214138,0.5795542160340993,0.435048091320931,0.5325694457422114
row,True,2.0,3,2.0,True,0.6112266112266113,0.5786440785392554,0.4331190279841002,0.5317778139389794
row,True,2.0,4,0.2,False,0.6103950103950104,0.5973189102493236,0.44335780711964223,0.5368403170250476
row,True,2.0,4,0.2,True,0.6103950103950104,0.5973189102493236,0.44335780711964223,0.5368403170250476
row,True,2.0,4,0.5,False,0.6103950103950104,0.5973189102493236,0.44335780711964223,0.5368403170250476
row,True,2.0,4,0.5,True,0.6103950103950104,0.5973189102493236,0.44335780711964223,0.5368403170250476
row,True,2.0,4,0.8,False,0.6153846153846154,0.6022196260432051,0.4492237066912367,0.539870708761837
row,True,2.0,4,0.8,True,0.6133056133056133,0.599502824341828,0.4465768582412698,0.5388817587524748
row,True,2.0,4,1.0,False,0.6203742203742204,0.6002726430983623,0.45196119370447707,0.5424144481617313
row,True,2.0,4,1.0,True,0.6166320166320166,0.5991590154206956,0.4477069310412152,0.5406322099999403
row,True,2.0,4,1.2,False,0.6191268191268191,0.5949426284005341,0.4479935061343261,0.5382763548602858
row,True,2.0,4,1.2,True,0.6162162162162163,0.5921444880502736,0.4434017693652943,0.5384604573180628
row,True,2.0,4,1.5,False,0.6133056133056133,0.5758644771047287,0.43162546582944444,0.5317370199236151
row,True,2.0,4,1.5,True,0.6091476091476091,0.5731262721795055,0.42729553594614317,0.5301377009621501
row,True,2.0,4,2.0,False,0.6,0.5517182543487434,0.4075038424595002,0.5168112645727866
row,True,2.0,4,2.0,True,0.5987525987525988,0.5512758398772644,0.4097729480435186,0.4873654059039542
row,True,2.0,5,0.2,False,0.6103950103950104,0.5973189102493236,0.44335780711964223,0.5368403170250476
row,True,2.0,5,0.2,True,0.6103950103950104,0.5973189102493236,0.44335780711964223,0.5368403170250476
row,True,2.0,5,0.5,False,0.6103950103950104,0.5973189102493236,0.44335780711964223,0.5368403170250476
row,True,2.0,5,0.5,True,0.6103950103950104,0.5973189102493236,0.44335780711964223,0.5368403170250476
row,True,2.0,5,0.8,False,0.6166320166320166,0.6025525655141442,0.45054114224656383,0.5399321191493974
row,True,2.0,5,0.8,True,0.6128898128898129,0.5983722471747474,0.44588847729145265,0.5385704539487399
row,True,2.0,5,1.0,False,0.6207900207900208,0.5990591642109369,0.45016043701652425,0.5415683537781252
row,True,2.0,5,1.0,True,0.614968814968815,0.5928518170110464,0.44377089960373234,0.5379821193135461
row,True,2.0,5,1.2,False,0.6166320166320166,0.5835942492533143,0.43905782453571573,0.5351454096636264
row,True,2.0,5,1.2,True,0.6112266112266113,0.5796030016645651,0.4329542107660762,0.5320898885457142
row,True,2.0,5,1.5,False,0.6033264033264033,0.5552785393554546,0.41190035159799554,0.5193504827072176
row,True,2.0,5,1.5,True,0.5995841995841996,0.5516085303982808,0.4098973954525689,0.5168445470369852
row,True,2.0,5,2.0,False,0.5875259875259875,0.5321951722838826,0.38735912164551684,0.47202505348942897
row,True,2.0,5,2.0,True,0.5896049896049896,0.5334999668029178,0.39183943229245954,0.47380300847916995
row,True,2.0,6,0.2,False,0.6103950103950104,0.5973189102493236,0.44335780711964223,0.5368403170250476
row,True,2.0,6,0.2,True,0.6103950103950104,0.5973189102493236,0.44335780711964223,0.5368403170250476
row,True,2.0,6,0.5,False,0.6103950103950104,0.5973189102493236,0.44335780711964223,0.5368403170250476
row,True,2.0,6,0.5,True,0.6103950103950104,0.5973189102493236,0.44335780711964223,0.5368403170250476
row,True,2.0,6,0.8,False,0.6158004158004158,0.6004508462206054,0.449214284281807,0.5390470423693208
row,True,2.0,6,0.8,True,0.6141372141372141,0.5983892596460743,0.4465851084279936,0.5391722074645114
row,True,2.0,6,1.0,False,0.6174636174636174,0.5920188185816689,0.44570804024425825,0.5371189078650873
row,True,2.0,6,1.0,True,0.6162162162162163,0.5915925347827306,0.44340533117589237,0.5380075278575024
row,True,2.0,6,1.2,False,0.6103950103950104,0.5672748865118312,0.4238902478292258,0.5266248436508948
row,True,2.0,6,1.2,True,0.6074844074844075,0.5677112413210256,0.4232797535341348,0.5248226536148842
row,True,2.0,6,1.5,False,0.5920997920997921,0.5388875545065196,0.39427961777857856,0.5029553778798601
row,True,2.0,6,1.5,True,0.5933471933471933,0.5369090361253573,0.396632036356627,0.4800118774271655
row,True,2.0,6,2.0,False,0.5792099792099792,0.5226489036018476,0.36995270877900366,0.4613581578227768
row,True,2.0,6,2.0,True,0.5796257796257797,0.5177004518774156,0.37457384491418005,0.46342125903738896
row,True,2.0,8,0.2,False,0.6103950103950104,0.5973189102493236,0.44335780711964223,0.5368403170250476
row,True,2.0,8,0.2,True,0.6103950103950104,0.5973189102493236,0.44335780711964223,0.5368403170250476
row,True,2.0,8,0.5,False,0.6103950103950104,0.5973189102493236,0.44335780711964223,0.5368403170250476
row,True,2.0,8,0.5,True,0.6103950103950104,0.5973189102493236,0.44335780711964223,0.5368403170250476
row,True,2.0,8,0.8,False,0.6170478170478171,0.6012144296896524,0.4502906142600822,0.5397771892043209
row,True,2.0,8,0.8,True,0.6153846153846154,0.5991470619480992,0.4475311949084282,0.5397753709416158
row,True,2.0,8,1.0,False,0.6174636174636174,0.5839548097932649,0.4396066441491211,0.5362863717158104
row,True,2.0,8,1.0,True,0.6133056133056133,0.5814964211853876,0.4360881470678253,0.5329077417276207
row,True,2.0,8,1.2,False,0.5954261954261955,0.5443994335862045,0.3987190577409314,0.5085855393624219
row,True,2.0,8,1.2,True,0.5958419958419958,0.5425062555708436,0.40089415956250546,0.48250924193281425
row,True,2.0,8,1.5,False,0.5771309771309772,0.5177361422905162,0.3622435627456155,0.46042519332431936
row,True,2.0,8,1.5,True,0.5762993762993763,0.5114356746670645,0.3642889122214839,0.45920920954052274
row,True,2.0,8,2.0,False,0.5613305613305614,0.49750201752889694,0.3351920244471142,0.445873217068143
row,True,2.0,8,2.0,True,0.5588357588357589,0.49176142316927296,0.3361849307603766,0.4415161558696724
row,True,2.0,10,0.2,False,0.6103950103950104,0.5973189102493236,0.44335780711964223,0.5368403170250476
row,True,2.0,10,0.2,True,0.6103950103950104,0.5973189102493236,0.44335780711964223,0.5368403170250476
row,True,2.0,10,0.5,False,0.6103950103950104,0.5973189102493236,0.44335780711964223,0.5368403170250476
row,True,2.0,10,0.5,True,0.6103950103950104,0.5973189102493236,0.44335780711964223,0.5368403170250476
row,True,2.0,10,0.8,False,0.6174636174636174,0.5996927456813987,0.4496203242971311,0.5403667952460826
row,True,2.0,10,0.8,True,0.6162162162162163,0.5999902968287201,0.44841551856993656,0.5405408304082703
row,True,2.0,10,1.0,False,0.6124740124740125,0.5719810879142437,0.42903134242073526,0.49857383557864576
row,True,2.0,10,1.0,True,0.60997920997921,0.5731800016107487,0.42829767439946625,0.4983335257475879
row,True,2.0,10,1.2,False,0.5883575883575883,0.530509328711271,0.38109742684532166,0.4697144644486545
row,True,2.0,10,1.2,True,0.5875259875259875,0.5271480504117655,0.38295597529995207,0.4682402264981281
row,True,2.0,10,1.5,False,0.5609147609147609,0.49656294317653543,0.33111053129091206,0.4442386618856018
row,True,2.0,10,1.5,True,0.5588357588357589,0.49228148324085674,0.3339221640569721,0.43905346765803155
row,True,2.0,10,2.0,False,0.5501039501039501,0.4836245421287468,0.3130713045342107,0.4345131842355781
row,True,2.0,10,2.0,True,0.5484407484407484,0.47642013081627554,0.31602461523415226,0.42820801408590303
row,True,2.0,12,0.2,False,0.6103950103950104,0.5973189102493236,0.44335780711964223,0.5368403170250476
row,True,2.0,12,0.2,True,0.6103950103950104,0.5973189102493236,0.44335780711964223,0.5368403170250476
row,True,2.0,12,0.5,False,0.6103950103950104,0.5973189102493236,0.44335780711964223,0.5368403170250476
row,True,2.0,12,0.5,True,0.6103950103950104,0.5973189102493236,0.44335780711964223,0.5368403170250476
row,True,2.0,12,0.8,False,0.6174636174636174,0.5993966938053779,0.44970469541295105,0.5403372898663299
row,True,2.0,12,0.8,True,0.6158004158004158,0.5979651260564793,0.44733742381404434,0.5400346166504548
row,True,2.0,12,1.0,False,0.6103950103950104,0.5658268870496977,0.42379414194675746,0.5248515146666123
row,True,2.0,12,1.0,True,0.60997920997921,0.5651651925085028,0.42268838145654153,0.49586470937154087
row,True,2.0,12,1.2,False,0.5754677754677755,0.515502614275886,0.35696508136381033,0.45305073423178105
row,True,2.0,12,1.2,True,0.5787941787941788,0.5143210387522137,0.3643086164956794,0.4579142874762089
row,True,2.0,12,1.5,False,0.548024948024948,0.48355941917989265,0.3061071857106683,0.4335401519004157
row,True,2.0,12,1.5,True,0.548024948024948,0.47421338342683533,0.31216460064970836,0.42663875277619845
row,True,2.0,12,2.0,False,0.5313929313929314,0.4712592552555162,0.2809322328109338,0.4202468308172971
row,True,2.0,12,2.0,True,0.5334719334719334,0.4623180278223027,0.29006310797765666,0.4132896470251676
row,True,2.0,16,0.2,False,0.6103950103950104,0.5973189102493236,0.44335780711964223,0.5368403170250476
row,True,2.0,16,0.2,True,0.6103950103950104,0.5973189102493236,0.44335780711964223,0.5368403170250476
row,True,2.0,16,0.5,False,0.6103950103950104,0.5973189102493236,0.44335780711964223,0.5368403170250476
row,True,2.0,16,0.5,True,0.6103950103950104,0.5973189102493236,0.44335780711964223,0.5368403170250476
row,True,2.0,16,0.8,False,0.6182952182952183,0.5996001907875921,0.4508346165837551,0.5402909715480426
row,True,2.0,16,0.8,True,0.614968814968815,0.5967775226982373,0.44667867891000174,0.539099454681629
row,True,2.0,16,1.0,False,0.6045738045738046,0.553416372829884,0.4107667460200848,0.5152060893212661
row,True,2.0,16,1.0,True,0.6033264033264033,0.5511125837658808,0.40912658556969067,0.4874460976376501
row,True,2.0,16,1.2,False,0.5571725571725572,0.49247332775431807,0.314045408212999,0.44058436764046
row,True,2.0,16,1.2,True,0.5559251559251559,0.48491664789161915,0.3203628221816658,0.43031547423444594
row,True,2.0,16,1.5,False,0.508939708939709,0.45809757638092796,0.2522305170943415,0.39188127351403185
row,True,2.0,16,1.5,True,0.5027027027027027,0.43952526585996554,0.2526599710931767,0.388938129464747
row,True,2.0,16,2.0,False,0.4972972972972973,0.4497647065194807,0.23924188288350853,0.3872758148085638
row,True,2.0,16,2.0,True,0.4881496881496882,0.432380638754266,0.2414339001700156,0.3751776918318024
row,True,2.0,20,0.2,False,0.6103950103950104,0.5973189102493236,0.44335780711964223,0.5368403170250476
row,True,2.0,20,0.2,True,0.6103950103950104,0.5973189102493236,0.44335780711964223,0.5368403170250476
row,True,2.0,20,0.5,False,0.6103950103950104,0.5973189102493236,0.44335780711964223,0.5368403170250476
row,True,2.0,20,0.5,True,0.6103950103950104,0.5973189102493236,0.44335780711964223,0.5368403170250476
row,True,2.0,20,0.8,False,0.6182952182952183,0.5993934362247978,0.45065945031390575,0.540311832971579
row,True,2.0,20,0.8,True,0.614968814968815,0.5967775226982373,0.44667867891000174,0.539099454681629
row,True,2.0,20,1.0,False,0.5987525987525988,0.5428535972515903,0.3965986070350752,0.5053122374161031
row,True,2.0,20,1.0,True,0.6,0.5414045259799526,0.39891391671758514,0.4813896874685939
row,True,2.0,20,1.2,False,0.5214137214137214,0.4705285287095482,0.2609527242855145,0.4094182047033175
row,True,2.0,20,1.2,True,0.5172557172557173,0.45172111178130264,0.2627069756728176,0.40130628860582246
row,True,2.0,20,1.5,False,0.4860706860706861,0.43715537954673245,0.2176560240234411,0.36872301385026307
row,True,2.0,20,1.5,True,0.4777546777546778,0.42260353339312345,0.22755980531725167,0.35274042845953923
row,True,2.0,20,2.0,False,0.48981288981288984,0.4333355707822777,0.211470580720269,0.3673943749981936
row,True,2.0,20,2.0,True,0.4785862785862786,0.414127942341032,0.2196626059972134,0.344585624443196
row,True,2.0,24,0.2,False,0.6103950103950104,0.5973189102493236,0.44335780711964223,0.5368403170250476
row,True,2.0,24,0.2,True,0.6103950103950104,0.5973189102493236,0.44335780711964223,0.5368403170250476
row,True,2.0,24,0.5,False,0.6103950103950104,0.5973189102493236,0.44335780711964223,0.5368403170250476
row,True,2.0,24,0.5,True,0.6103950103950104,0.5973189102493236,0.44335780711964223,0.5368403170250476
row,True,2.0,24,0.8,False,0.6182952182952183,0.5993934362247978,0.45065945031390575,0.540311832971579
row,True,2.0,24,0.8,True,0.614968814968815,0.5967775226982373,0.44667867891000174,0.539099454681629
row,True,2.0,24,1.0,False,0.595010395010395,0.5373871223986466,0.38697788267268135,0.5008887818494251
row,True,2.0,24,1.0,True,0.5941787941787942,0.5336169576185714,0.3900016316838802,0.4741704187999731
row,True,2.0,24,1.2,False,0.48523908523908527,0.44412497986811283,0.21975724878326872,0.3695061446343102
row,True,2.0,24,1.2,True,0.48191268191268194,0.4308135111517702,0.2307063890611779,0.3566876261167704
row,True,2.0,24,1.5,False,0.4814968814968815,0.4219469989603909,0.1960877596442269,0.36294397621020086
row,True,2.0,24,1.5,True,0.4723492723492724,0.40622286524171125,0.20496627404410736,0.3461704834037159
row,True,2.0,24,2.0,False,0.46860706860706863,0.4127183135218755,0.1815201985346037,0.35521929666802454
row,True,2.0,24,2.0,True,0.46902286902286905,0.4037893287418301,0.20059100018863424,0.34274177588037696
row,True,2.0,32,0.2,False,0.6103950103950104,0.5973189102493236,0.44335780711964223,0.5368403170250476
row,True,2.0,32,0.2,True,0.6103950103950104,0.5973189102493236,0.44335780711964223,0.5368403170250476
row,True,2.0,32,0.5,False,0.6103950103950104,0.5973189102493236,0.44335780711964223,0.5368403170250476
row,True,2.0,32,0.5,True,0.6103950103950104,0.5973189102493236,0.44335780711964223,0.5368403170250476
row,True,2.0,32,0.8,False,0.6182952182952183,0.5993934362247978,0.45065945031390575,0.540311832971579
row,True,2.0,32,0.8,True,0.614968814968815,0.5967775226982373,0.44667867891000174,0.539099454681629
row,True,2.0,32,1.0,False,0.585031185031185,0.5242814951167943,0.3621151407760228,0.4607405327739634
row,True,2.0,32,1.0,True,0.5887733887733888,0.526131068853275,0.3738578788451919,0.4640752852784967
row,True,2.0,32,1.2,False,0.4627858627858628,0.40926736605272307,0.16759384627839866,0.354490999627655
row,True,2.0,32,1.2,True,0.4702702702702703,0.39525202284240174,0.19858201893095245,0.3388845793223958
row,True,2.0,32,1.5,False,0.42702702702702705,0.38171099825098154,0.13554609549467175,0.332949195106507
row,True,2.0,32,1.5,True,0.4440748440748441,0.37103034112995376,0.1745655702208329,0.3230695822578347
row,True,2.0,32,2.0,False,0.41912681912681915,0.38018976145783645,0.12815901264151427,0.32951899547114416
row,True,2.0,32,2.0,True,0.43201663201663204,0.3577169679068073,0.1626770717038511,0.31512260634255995
row,True,4.0,1,0.2,False,0.6103950103950104,0.5973189102493236,0.44335780711964223,0.5368403170250476
row,True,4.0,1,0.2,True,0.6103950103950104,0.5973189102493236,0.44335780711964223,0.5368403170250476
row,True,4.0,1,0.5,False,0.6103950103950104,0.5973189102493236,0.44335780711964223,0.5368403170250476
row,True,4.0,1,0.5,True,0.6103950103950104,0.5973189102493236,0.44335780711964223,0.5368403170250476
row,True,4.0,1,0.8,False,0.6103950103950104,0.5973189102493236,0.44335780711964223,0.5368403170250476
row,True,4.0,1,0.8,True,0.6103950103950104,0.5973189102493236,0.44335780711964223,0.5368403170250476
row,True,4.0,1,1.0,False,0.6103950103950104,0.5973189102493236,0.44335780711964223,0.5368403170250476
row,True,4.0,1,1.0,True,0.6103950103950104,0.5973189102493236,0.44335780711964223,0.5368403170250476
row,True,4.0,1,1.2,False,0.6103950103950104,0.5973189102493236,0.44335780711964223,0.5368403170250476
row,True,4.0,1,1.2,True,0.6103950103950104,0.5973189102493236,0.44335780711964223,0.5368403170250476
row,True,4.0,1,1.5,False,0.6103950103950104,0.5973189102493236,0.44335780711964223,0.5368403170250476
row,True,4.0,1,1.5,True,0.6108108108108108,0.5978098848942635,0.4437448635653161,0.5372221172623676
row,True,4.0,1,2.0,False,0.6124740124740125,0.5990998390723007,0.4455153263011848,0.5382290511421234
row,True,4.0,1,2.0,True,0.6120582120582121,0.598725681179426,0.44478319841926256,0.5381917245392074
row,True,4.0,2,0.2,False,0.6103950103950104,0.5973189102493236,0.44335780711964223,0.5368403170250476
row,True,4.0,2,0.2,True,0.6103950103950104,0.5973189102493236,0.44335780711964223,0.5368403170250476
row,True,4.0,2,0.5,False,0.6103950103950104,0.5973189102493236,0.44335780711964223,0.5368403170250476
row,True,4.0,2,0.5,True,0.6103950103950104,0.5973189102493236,0.44335780711964223,0.5368403170250476
row,True,4.0,2,0.8,False,0.6103950103950104,0.5973189102493236,0.44335780711964223,0.5368403170250476
row,True,4.0,2,0.8,True,0.6108108108108108,0.5978098848942635,0.4437448635653161,0.5372221172623676
row,True,4.0,2,1.0,False,0.6124740124740125,0.5993137373173313,0.44574817505534303,0.5381881628590587
row,True,4.0,2,1.0,True,0.6120582120582121,0.5988267954292797,0.4448647645750933,0.5380624204328132
row,True,4.0,2,1.2,False,0.6145530145530146,0.6014157604666616,0.44828319633505215,0.5394588112079495
row,True,4.0,2,1.2,True,0.6124740124740125,0.5992018549650827,0.445409840784783,0.5381210553964532
row,True,4.0,2,1.5,False,0.6174636174636174,0.6037420842914437,0.4517420036715649,0.5407389221072668
row,True,4.0,2,1.5,True,0.6162162162162163,0.6023551836639228,0.4498164935577424,0.5401136716771054
row,True,4.0,2,2.0,False,0.6199584199584199,0.6060831242191844,0.4547728707598852,0.5412469518531017
row,True,4.0,2,2.0,True,0.6182952182952183,0.6043643652322914,0.4530103232558942,0.5406382780086944
row,True,4.0,3,0.2,False,0.6103950103950104,0.5973189102493236,0.44335780711964223,0.5368403170250476
row,True,4.0,3,0.2,True,0.6103950103950104,0.5973189102493236,0.44335780711964223,0.5368403170250476
row,True,4.0,3,0.5,False,0.6103950103950104,0.5973189102493236,0.44335780711964223,0.5368403170250476
row,True,4.0,3,0.5,True,0.6103950103950104,0.5973189102493236,0.44335780711964223,0.5368403170250476
row,True,4.0,3,0.8,False,0.6124740124740125,0.5993137373173313,0.44574817505534303,0.5381881628590587
row,True,4.0,3,0.8,True,0.6120582120582121,0.5988267954292797,0.4448647645750933,0.5380624204328132
row,True,4.0,3,1.0,False,0.6162162162162163,0.6031168078803538,0.4504597717777843,0.5399625936964373
row,True,4.0,3,1.0,True,0.6137214137214138,0.6002761532429615,0.4471789341527514,0.538664351192033
row,True,4.0,3,1.2,False,0.6195426195426196,0.6051931229775057,0.45368464878170184,0.5417618105803778
row,True,4.0,3,1.2,True,0.6166320166320166,0.6024878126400273,0.4503250854011004,0.5396836573105608
row,True,4.0,3,1.5,False,0.6195426195426196,0.6022092180854187,0.4530236446004738,0.5395738936172574
row,True,4.0,3,1.5,True,0.6170478170478171,0.6004619040540916,0.44936519477448345,0.5391841165180061
row,True,4.0,3,2.0,False,0.6203742203742204,0.5968661843362961,0.44910769087421804,0.5392339710654932
row,True,4.0,3,2.0,True,0.6158004158004158,0.5930635688426242,0.44474111948426664,0.5366669775791911
row,True,4.0,4,0.2,False,0.6103950103950104,0.5973189102493236,0.44335780711964223,0.5368403170250476
row,True,4.0,4,0.2,True,0.6103950103950104,0.5973189102493236,0.44335780711964223,0.5368403170250476
row,True,4.0,4,0.5,False,0.6103950103950104,0.5973189102493236,0.44335780711964223,0.5368403170250476
row,True,4.0,4,0.5,True,0.6103950103950104,0.5973189102493236,0.44335780711964223,0.5368403170250476
row,True,4.0,4,0.8,False,0.6137214137214138,0.6007409093495624,0.4474333422166421,0.5389617469094131
row,True,4.0,4,0.8,True,0.6124740124740125,0.5992018549650827,0.445409840784783,0.5381210553964532
row,True,4.0,4,1.0,False,0.6182952182952183,0.603847858402147,0.4525732261430774,0.5411419130972039
row,True,4.0,4,1.0,True,0.6162162162162163,0.6016264692606096,0.44971356416424196,0.539682256608715
row,True,4.0,4,1.2,False,0.6199584199584199,0.601481531963092,0.45286384720908907,0.5403074195707401
row,True,4.0,4,1.2,True,0.6174636174636174,0.6011404445636022,0.449643173678399,0.5397048610670308
row,True,4.0,4,1.5,False,0.6207900207900208,0.5963285798344738,0.4487177497195588,0.540109959562342
row,True,4.0,4,1.5,True,0.6174636174636174,0.5935795385899024,0.4448570618629663,0.5375255907016542
row,True,4.0,4,2.0,False,0.6178794178794179,0.5851015069418052,0.4412593696228121,0.5354464166640105
row,True,4.0,4,2.0,True,0.6141372141372141,0.5821267972988137,0.4372171273327579,0.5334576080782143
row,True,4.0,5,0.2,False,0.6103950103950104,0.5973189102493236,0.44335780711964223,0.5368403170250476
row,True,4.0,5,0.2,True,0.6103950103950104,0.5973189102493236,0.44335780711964223,0.5368403170250476
row,True,4.0,5,0.5,False,0.6103950103950104,0.5973189102493236,0.44335780711964223,0.5368403170250476
row,True,4.0,5,0.5,True,0.6103950103950104,0.5973189102493236,0.44335780711964223,0.5368403170250476
row,True,4.0,5,0.8,False,0.6145530145530146,0.6016500675721135,0.4484433489859776,0.53930978011507
row,True,4.0,5,0.8,True,0.6137214137214138,0.6001149124332067,0.44723036033736147,0.5388606967456326
row,True,4.0,5,1.0,False,0.6195426195426196,0.6032212263628826,0.4527612920153702,0.5409249177065734
row,True,4.0,5,1.0,True,0.6170478170478171,0.6007837364571813,0.4497149700391014,0.5403854510730655
row,True,4.0,5,1.2,False,0.6195426195426196,0.5966447033126284,0.4486778176883142,0.5385369945232816
row,True,4.0,5,1.2,True,0.6178794178794179,0.5946131273596412,0.4462992918776541,0.5385014579539857
row,True,4.0,5,1.5,False,0.6174636174636174,0.5838963251986674,0.44026700855261897,0.5351641417223698
row,True,4.0,5,1.5,True,0.6141372141372141,0.5825200536178706,0.4378350909502529,0.5332723893629289
row,True,4.0,5,2.0,False,0.6079002079002079,0.5651802900554338,0.42234652770415676,0.5225716348329776
row,True,4.0,5,2.0,True,0.6045738045738046,0.5606219933028957,0.41844182217903636,0.4915877405212023
row,True,4.0,6,0.2,False,0.6103950103950104,0.5973189102493236,0.44335780711964223,0.5368403170250476
row,True,4.0,6,0.2,True,0.6103950103950104,0.5973189102493236,0.44335780711964223,0.5368403170250476
row,True,4.0,6,0.5,False,0.6103950103950104,0.5973189102493236,0.44335780711964223,0.5368403170250476
row,True,4.0,6,0.5,True,0.6103950103950104,0.5973189102493236,0.44335780711964223,0.5368403170250476
row,True,4.0,6,0.8,False,0.614968814968815,0.6020762797159385,0.44901722638997,0.5393700152295642
row,True,4.0,6,0.8,True,0.6133056133056133,0.59942237363052,0.446752872963073,0.5381133235782071
row,True,4.0,6,1.0,False,0.6203742203742204,0.6006262023526853,0.4528594596809497,0.5402082056800791
row,True,4.0,6,1.0,True,0.6178794178794179,0.5997520159972229,0.45000077725161874,0.5402691605281082
row,True,4.0,6,1.2,False,0.6207900207900208,0.5937783837931269,0.44693372115169533,0.5393493501838718
row,True,4.0,6,1.2,True,0.6174636174636174,0.5911152920638343,0.44524154328270615,0.536058326396467
row,True,4.0,6,1.5,False,0.6108108108108108,0.5692895012317577,0.4272370209223674,0.5257341061909884
row,True,4.0,6,1.5,True,0.6058212058212058,0.5641823338444226,0.4208990491401975,0.5230437229842428
row,True,4.0,6,2.0,False,0.5987525987525988,0.5478739569171189,0.40701400606276544,0.4785069239484075
row,True,4.0,6,2.0,True,0.5987525987525988,0.5462309196301003,0.4068506227015311,0.48489808293576275
row,True,4.0,8,0.2,False,0.6103950103950104,0.5973189102493236,0.44335780711964223,0.5368403170250476
row,True,4.0,8,0.2,True,0.6103950103950104,0.5973189102493236,0.44335780711964223,0.5368403170250476
row,True,4.0,8,0.5,False,0.6103950103950104,0.5973189102493236,0.44335780711964223,0.5368403170250476
row,True,4.0,8,0.5,True,0.6103950103950104,0.5973189102493236,0.44335780711964223,0.5368403170250476
row,True,4.0,8,0.8,False,0.6170478170478171,0.6039774902098132,0.4515418107162372,0.540521135962775
row,True,4.0,8,0.8,True,0.6137214137214138,0.5996198638360745,0.44707968886149896,0.5384086411498314
row,True,4.0,8,1.0,False,0.6216216216216216,0.5986234300148643,0.4514017165422027,0.5407921799870398
row,True,4.0,8,1.0,True,0.6162162162162163,0.5935354976250701,0.44411071943683234,0.5372841960267826
row,True,4.0,8,1.2,False,0.6153846153846154,0.576772858838456,0.4344159977964995,0.529724750973899
row,True,4.0,8,1.2,True,0.6087318087318088,0.5707100921783275,0.42610219274815503,0.49567079625039834
row,True,4.0,8,1.5,False,0.5975051975051975,0.5430188964909702,0.4015052254861678,0.47605767850802827
row,True,4.0,8,1.5,True,0.5962577962577963,0.5417068690855565,0.40150907408666775,0.4803749179473625
row,True,4.0,8,2.0,False,0.5833679833679833,0.5245790141867531,0.37798346019140794,0.46354060973963335
row,True,4.0,8,2.0,True,0.5796257796257797,0.518806334274443,0.37446857951824913,0.46276943520167385
row,True,4.0,10,0.2,False,0.6103950103950104,0.5973189102493236,0.44335780711964223,0.5368403170250476
row,True,4.0,10,0.2,True,0.6103950103950104,0.5973189102493236,0.44335780711964223,0.5368403170250476
row,True,4.0,10,0.5,False,0.6103950103950104,0.5973189102493236,0.44335780711964223,0.5368403170250476
row,True,4.0,10,0.5,True,0.6103950103950104,0.5973189102493236,0.44335780711964223,0.5368403170250476
row,True,4.0,10,0.8,False,0.6178794178794179,0.6038589031506048,0.45250044620107827,0.5406630119514313
row,True,4.0,10,0.8,True,0.614968814968815,0.6001185145750225,0.4482418469271318,0.5387205063101469
row,True,4.0,10,1.0,False,0.6203742203742204,0.5940681652842976,0.447451382365988,0.5386791975737012
row,True,4.0,10,1.0,True,0.6174636174636174,0.5898894117928326,0.4443250880101787,0.536408006824956
row,True,4.0,10,1.2,False,0.6070686070686071,0.5559524381948532,0.41656122137377743,0.5171147276784949
row,True,4.0,10,1.2,True,0.6037422037422038,0.5522369044295883,0.4133446595850585,0.48769309969971364
row,True,4.0,10,1.5,False,0.5812889812889813,0.5216786587250616,0.3737525657256374,0.4589607860887046
row,True,4.0,10,1.5,True,0.58004158004158,0.5188107306182694,0.37293970815741867,0.4623024928468386
row,True,4.0,10,2.0,False,0.567983367983368,0.5039946046605698,0.3493628388741797,0.44608169865646236
row,True,4.0,10,2.0,True,0.5675675675675675,0.501975772913444,0.35401383051574176,0.4465781145375706
row,True,4.0,12,0.2,False,0.6103950103950104,0.5973189102493236,0.44335780711964223,0.5368403170250476
row,True,4.0,12,0.2,True,0.6103950103950104,0.5973189102493236,0.44335780711964223,0.5368403170250476
row,True,4.0,12,0.5,False,0.6103950103950104,0.5973189102493236,0.44335780711964223,0.5368403170250476
row,True,4.0,12,0.5,True,0.6103950103950104,0.5973189102493236,0.44335780711964223,0.5368403170250476
row,True,4.0,12,0.8,False,0.6182952182952183,0.604029699411451,0.4528113987160202,0.5409580547588626
row,True,4.0,12,0.8,True,0.614968814968815,0.6000716721954064,0.4481005039541336,0.5386333364037535
row,True,4.0,12,1.0,False,0.6207900207900208,0.5891775927744048,0.44383082634123355,0.5385685296085619
row,True,4.0,12,1.0,True,0.6166320166320166,0.5848794879449944,0.4403582688197046,0.5340945786368566
row,True,4.0,12,1.2,False,0.5941787941787942,0.5386326063878544,0.39446313515323894,0.4744618653768803
row,True,4.0,12,1.2,True,0.5937629937629938,0.53552436150793,0.3944823463999655,0.47559116203870466
row,True,4.0,12,1.5,False,0.5654885654885655,0.5005268607081533,0.34463891645425804,0.4435614329743191
row,True,4.0,12,1.5,True,0.5654885654885655,0.4991606802319244,0.35119973873929244,0.4425674078307778
row,True,4.0,12,2.0,False,0.5575883575883576,0.4887611408967369,0.32972891994564485,0.43764473235868195
row,True,4.0,12,2.0,True,0.5555093555093555,0.48219171590073184,0.33216212681103485,0.4327507336845479
row,True,4.0,16,0.2,False,0.6103950103950104,0.5973189102493236,0.44335780711964223,0.5368403170250476
row,True,4.0,16,0.2,True,0.6103950103950104,0.5973189102493236,0.44335780711964223,0.5368403170250476
row,True,4.0,16,0.5,False,0.6103950103950104,0.5973189102493236,0.44335780711964223,0.5368403170250476
row,True,4.0,16,0.5,True,0.6103950103950104,0.5973189102493236,0.44335780711964223,0.5368403170250476
row,True,4.0,16,0.8,False,0.6187110187110187,0.6042274504389082,0.45313581683912046,0.5412554278580499
row,True,4.0,16,0.8,True,0.6153846153846154,0.6002719121434501,0.4484283071011504,0.5389282412743318
row,True,4.0,16,1.0,False,0.6170478170478171,0.5777679507371275,0.43543135561777035,0.501524471960415
row,True,4.0,16,1.0,True,0.6133056133056133,0.5736829410236896,0.4312574401031951,0.4993941447575135
row,True,4.0,16,1.2,False,0.572972972972973,0.5104663283486016,0.3543994051971124,0.4478029532451685
row,True,4.0,16,1.2,True,0.5746361746361747,0.5083871744198765,0.35976900299721953,0.45245563541722045
row,True,4.0,16,1.5,False,0.5442827442827443,0.4802636278269251,0.30491125971924427,0.42761438929741263
row,True,4.0,16,1.5,True,0.5434511434511434,0.46933032525465995,0.3090282756701859,0.41684419919536847
row,True,4.0,16,2.0,False,0.5322245322245323,0.472660059894647,0.28911663388893544,0.4192924342500909
row,True,4.0,16,2.0,True,0.5301455301455301,0.459393634875573,0.2891419250223027,0.40992254416779905
row,True,4.0,20,0.2,False,0.6103950103950104,0.5973189102493236,0.44335780711964223,0.5368403170250476
row,True,4.0,20,0.2,True,0.6103950103950104,0.5973189102493236,0.44335780711964223,0.5368403170250476
row,True,4.0,20,0.5,False,0.6103950103950104,0.5973189102493236,0.44335780711964223,0.5368403170250476
row,True,4.0,20,0.5,True,0.6103950103950104,0.5973189102493236,0.44335780711964223,0.5368403170250476
row,True,4.0,20,0.8,False,0.6187110187110187,0.6042274504389082,0.45313581683912046,0.5412554278580499
row,True,4.0,20,0.8,True,0.6153846153846154,0.6006501877089512,0.4485638433185065,0.538978408955645
row,True,4.0,20,1.0,False,0.6137214137214138,0.5677134582769721,0.4269929630429005,0.49507043702122583
row,True,4.0,20,1.0,True,0.6120582120582121,0.5655989519723588,0.4244827282496904,0.4948476065661762
row,True,4.0,20,1.2,False,0.5555093555093555,0.4929407446652154,0.3159963825017092,0.43527613541597254
row,True,4.0,20,1.2,True,0.5563409563409564,0.48047919917379767,0.3205518901681023,0.42866007596246525
row,True,4.0,20,1.5,False,0.5147609147609148,0.4614796390073639,0.26696386516412035,0.3966488076392036
row,True,4.0,20,1.5,True,0.5056133056133056,0.44490766559186345,0.26513296906036127,0.38801999533880577
row,True,4.0,20,2.0,False,0.5051975051975052,0.45503143647647987,0.2561145245405858,0.38454729825080997
row,True,4.0,20,2.0,True,0.4943866943866944,0.44050210467299483,0.25815503047345234,0.3792915240782211
row,True,4.0,24,0.2,False,0.6103950103950104,0.5973189102493236,0.44335780711964223,0.5368403170250476
row,True,4.0,24,0.2,True,0.6103950103950104,0.5973189102493236,0.44335780711964223,0.5368403170250476
row,True,4.0,24,0.5,False,0.6103950103950104,0.5973189102493236,0.44335780711964223,0.5368403170250476
row,True,4.0,24,0.5,True,0.6103950103950104,0.5973189102493236,0.44335780711964223,0.5368403170250476
row,True,4.0,24,0.8,False,0.6187110187110187,0.6042274504389082,0.45313581683912046,0.5412554278580499
row,True,4.0,24,0.8,True,0.6153846153846154,0.6006501877089512,0.4485638433185065,0.538978408955645
row,True,4.0,24,1.0,False,0.6112266112266113,0.5606016638765179,0.4215396239840314,0.5187721390440816
row,True,4.0,24,1.0,True,0.6095634095634096,0.559017175985667,0.4170484594575675,0.49136212813611596
row,True,4.0,24,1.2,False,0.5255717255717256,0.4723393627021602,0.2776434702466693,0.4049376362488639
row,True,4.0,24,1.2,True,0.5205821205821206,0.4564420989493416,0.27747998503459353,0.40097969315130894
row,True,4.0,24,1.5,False,0.5035343035343035,0.4489920580059904,0.23907995511151528,0.38026755732732503
row,True,4.0,24,1.5,True,0.4910602910602911,0.4285631288646913,0.24262412508739853,0.3595292032639339
row,True,4.0,24,2.0,False,0.5043659043659043,0.4424200253490191,0.23261111721617955,0.3746155729282402
row,True,4.0,24,2.0,True,0.4881496881496882,0.4241872159248515,0.23556500005860795,0.3542579838370436
row,True,4.0,32,0.2,False,0.6103950103950104,0.5973189102493236,0.44335780711964223,0.5368403170250476
row,True,4.0,32,0.2,True,0.6103950103950104,0.5973189102493236,0.44335780711964223,0.5368403170250476
row,True,4.0,32,0.5,False,0.6103950103950104,0.5973189102493236,0.44335780711964223,0.5368403170250476
row,True,4.0,32,0.5,True,0.6103950103950104,0.5973189102493236,0.44335780711964223,0.5368403170250476
row,True,4.0,32,0.8,False,0.6187110187110187,0.6042274504389082,0.45313581683912046,0.5412554278580499
row,True,4.0,32,0.8,True,0.6153846153846154,0.6006501877089512,0.4485638433185065,0.538978408955645
row,True,4.0,32,1.0,False,0.6033264033264033,0.5474727180779031,0.401691686098434,0.5080720178935937
row,True,4.0,32,1.0,True,0.6058212058212058,0.5493608297598566,0.40696993846437424,0.4859741677677511
row,True,4.0,32,1.2,False,0.5002079002079002,0.4385167873242228,0.21692593615256953,0.3873537872572125
row,True,4.0,32,1.2,True,0.49480249480249483,0.42379861169611655,0.22997416653407024,0.35169161103901536
row,True,4.0,32,1.5,False,0.47484407484407487,0.41748502526097564,0.18013099023157894,0.35786532291900125
row,True,4.0,32,1.5,True,0.48191268191268194,0.40573664806143533,0.21258522545491218,0.3464515734479634
row,True,4.0,32,2.0,False,0.4702702702702703,0.41322681938574,0.1742373103012088,0.35463960774504427
row,True,4.0,32,2.0,True,0.4802494802494803,0.40254576056097474,0.21080460760210767,0.34403172917294
row,False,1.0,1,0.2,False,0.6103950103950104,0.5973189102493236,0.44335780711964223,0.5368403170250476
row,False,1.0,1,0.2,True,0.6103950103950104,0.5973189102493236,0.44335780711964223,0.5368403170250476
row,False,1.0,1,0.5,False,0.6103950103950104,0.5973189102493236,0.44335780711964223,0.5368403170250476
row,False,1.0,1,0.5,True,0.6103950103950104,0.5973189102493236,0.44335780711964223,0.5368403170250476
row,False,1.0,1,0.8,False,0.6103950103950104,0.5973189102493236,0.44335780711964223,0.5368403170250476
row,False,1.0,1,0.8,True,0.6091476091476091,0.5964918330404568,0.4409602419689337,0.5374022732252824
row,False,1.0,1,1.0,False,0.6066528066528066,0.5853926238118338,0.43462179052689165,0.5319287029055376
row,False,1.0,1,1.0,True,0.6029106029106029,0.5856853532914447,0.4284891070934356,0.534605436274096
row,False,1.0,1,1.2,False,0.5962577962577963,0.5709408703503619,0.4141641626021316,0.5268831079610857
row,False,1.0,1,1.2,True,0.597920997920998,0.5744056948395826,0.4172674288409731,0.5298808318860084
row,False,1.0,1,1.5,False,0.6,0.5704816661889583,0.41504756593173425,0.5282031110962184
row,False,1.0,1,1.5,True,0.592931392931393,0.5648369835707991,0.40786228854753315,0.5239148902756535
row,False,1.0,1,2.0,False,0.5954261954261955,0.5604838093822935,0.4039515892605694,0.5220956094806146
row,False,1.0,1,2.0,True,0.5912681912681913,0.5555734661530917,0.3983261918224723,0.522024597081956
row,False,1.0,2,0.2,False,0.6103950103950104,0.5973189102493236,0.44335780711964223,0.5368403170250476
row,False,1.0,2,0.2,True,0.6103950103950104,0.5973189102493236,0.44335780711964223,0.5368403170250476
row,False,1.0,2,0.5,False,0.6103950103950104,0.5973189102493236,0.44335780711964223,0.5368403170250476
row,False,1.0,2,0.5,True,0.6103950103950104,0.5967678798841158,0.44339074392017197,0.5368117870945568
row,False,1.0,2,0.8,False,0.6066528066528066,0.5873379653560622,0.4365050656835308,0.5329066488328271
row,False,1.0,2,0.8,True,0.6058212058212058,0.586930348932602,0.43487521919531064,0.5345692449137833
row,False,1.0,2,1.0,False,0.6041580041580041,0.5743604790672536,0.4240572141907565,0.530488867592305
row,False,1.0,2,1.0,True,0.6016632016632016,0.5773126059686272,0.42623039157780823,0.5293428647024481
row,False,1.0,2,1.2,False,0.6037422037422038,0.568894965065718,0.41860054975708516,0.5298222623043489
row,False,1.0,2,1.2,True,0.5995841995841996,0.5681647601542335,0.4154082350144331,0.528960239736579
row,False,1.0,2,1.5,False,0.6,0.5593156072297851,0.408972043815578,0.5253196063053744
row,False,1.0,2,1.5,True,0.5970893970893971,0.5576363165366409,0.4075866526709277,0.524535935116388
row,False,1.0,2,2.0,False,0.595010395010395,0.5488650256491122,0.39912610979218427,0.5189416250730732
row,False,1.0,2,2.0,True,0.5925155925155925,0.5490093574840079,0.3989641600519312,0.5196179352587714
row,False,1.0,3,0.2,False,0.6103950103950104,0.5973189102493236,0.44335780711964223,0.5368403170250476
row,False,1.0,3,0.2,True,0.6103950103950104,0.5973189102493236,0.44335780711964223,0.5368403170250476
row,False,1.0,3,0.5,False,0.6103950103950104,0.5973189102493236,0.44335780711964223,0.5368403170250476
row,False,1.0,3,0.5,True,0.6112266112266113,0.5975531465836748,0.4439192246935998,0.5385239573946574
row,False,1.0,3,0.8,False,0.6058212058212058,0.5798821039761458,0.43083500821314324,0.5319463693950617
row,False,1.0,3,0.8,True,0.604989604989605,0.5817504343859191,0.43216022806563603,0.5318364591720623
row,False,1.0,3,1.0,False,0.6033264033264033,0.565154963568091,0.4160930220918883,0.527959597096306
row,False,1.0,3,1.0,True,0.5987525987525988,0.5633297013588454,0.4118754141083584,0.5278268833443891
row,False,1.0,3,1.2,False,0.5987525987525988,0.5552375265211229,0.4051905997455215,0.5228721892917279
row,False,1.0,3,1.2,True,0.595010395010395,0.5530827362160328,0.401691119577529,0.5220166820738
row,False,1.0,3,1.5,False,0.5916839916839917,0.5441401717268997,0.39054389851984533,0.5156619428224948
row,False,1.0,3,1.5,True,0.5883575883575883,0.5406173324778759,0.3893861041825725,0.5131254832862062
row,False,1.0,3,2.0,False,0.5821205821205822,0.5320731873943654,0.3753687840368843,0.5030305295287179
row,False,1.0,3,2.0,True,0.5825363825363825,0.5304841630728774,0.37681883542702616,0.4771472359170782
row,False,1.0,4,0.2,False,0.6103950103950104,0.5973189102493236,0.44335780711964223,0.5368403170250476
row,False,1.0,4,0.2,True,0.6103950103950104,0.5973189102493236,0.44335780711964223,0.5368403170250476
row,False,1.0,4,0.5,False,0.6103950103950104,0.5973189102493236,0.44335780711964223,0.5368403170250476
row,False,1.0,4,0.5,True,0.6112266112266113,0.5975531465836748,0.4439192246935998,0.5385239573946574
row,False,1.0,4,0.8,False,0.6074844074844075,0.5785545076553746,0.4299444999202756,0.532496147747483
row,False,1.0,4,0.8,True,0.6020790020790021,0.5756816314535907,0.42595809946843516,0.5292607702886294
row,False,1.0,4,1.0,False,0.6029106029106029,0.5594911960455077,0.4105570424169914,0.5274462998849714
row,False,1.0,4,1.0,True,0.6004158004158004,0.5599273480864392,0.41110254786610567,0.5261141326258347
row,False,1.0,4,1.2,False,0.5966735966735967,0.5488466204027271,0.39857865543558135,0.5169567023858843
row,False,1.0,4,1.2,True,0.5916839916839917,0.5451248418590514,0.3958016055460744,0.5160976348284922
row,False,1.0,4,1.5,False,0.5871101871101871,0.5345575832089965,0.38024765451443726,0.5083753010451152
row,False,1.0,4,1.5,True,0.5862785862785863,0.5317575879125714,0.382454124530209,0.4795436877937688
row,False,1.0,4,2.0,False,0.575051975051975,0.5205619938226875,0.3588574589903446,0.46380325761131036
row,False,1.0,4,2.0,True,0.5758835758835759,0.5159626283444266,0.3626704910191409,0.4672699543263196
row,False,1.0,5,0.2,False,0.6103950103950104,0.5973189102493236,0.44335780711964223,0.5368403170250476
row,False,1.0,5,0.2,True,0.6103950103950104,0.5973189102493236,0.44335780711964223,0.5368403170250476
row,False,1.0,5,0.5,False,0.6103950103950104,0.5973189102493236,0.44335780711964223,0.5368403170250476
row,False,1.0,5,0.5,True,0.6112266112266113,0.5975531465836748,0.4439192246935998,0.5385239573946574
row,False,1.0,5,0.8,False,0.6070686070686071,0.5740510893243513,0.4255476406387106,0.5329638271351883
row,False,1.0,5,0.8,True,0.6029106029106029,0.575073895927545,0.4252312961138315,0.5295982912487115
row,False,1.0,5,1.0,False,0.6008316008316008,0.5561027133555739,0.4076203254909655,0.5231495131380517
row,False,1.0,5,1.0,True,0.5987525987525988,0.5540893731415244,0.4064353198938733,0.5235503471979235
row,False,1.0,5,1.2,False,0.5904365904365905,0.5403455425138248,0.3866306616002439,0.5114175854401615
row,False,1.0,5,1.2,True,0.587941787941788,0.5365906332818182,0.3869527257238644,0.5100470635916085
row,False,1.0,5,1.5,False,0.5775467775467775,0.522960221812999,0.36194487843875783,0.4654955171716545
row,False,1.0,5,1.5,True,0.5762993762993763,0.5178685685772348,0.3636090399263916,0.468669410245998
row,False,1.0,5,2.0,False,0.5617463617463617,0.5037391723290399,0.33513854439840346,0.45148569646057346
row,False,1.0,5,2.0,True,0.5625779625779626,0.5013472175210476,0.3412465316093721,0.45114768431599334
row,False,1.0,6,0.2,False,0.6103950103950104,0.5973189102493236,0.44335780711964223,0.5368403170250476
row,False,1.0,6,0.2,True,0.6103950103950104,0.5973189102493236,0.44335780711964223,0.5368403170250476
row,False,1.0,6,0.5,False,0.6103950103950104,0.5973189102493236,0.44335780711964223,0.5368403170250476
row,False,1.0,6,0.5,True,0.6112266112266113,0.5975531465836748,0.4439192246935998,0.5385239573946574
row,False,1.0,6,0.8,False,0.6070686070686071,0.572876069682637,0.424680381483457,0.5319400857341494
row,False,1.0,6,0.8,True,0.6033264033264033,0.5732840707504323,0.42338077276056907,0.5306007170120254
row,False,1.0,6,1.0,False,0.5995841995841996,0.5516628333763859,0.4026272787957261,0.5198972597511616
row,False,1.0,6,1.0,True,0.5958419958419958,0.5493448524659889,0.4013874340329451,0.5195647894728084
row,False,1.0,6,1.2,False,0.5875259875259875,0.5333098608136311,0.3785011471825808,0.5045178538097291
row,False,1.0,6,1.2,True,0.5866943866943867,0.5314113677757456,0.38399836597816667,0.47680262318801564
row,False,1.0,6,1.5,False,0.5692307692307692,0.5114611985995186,0.3448535336970213,0.45600667042800275
row,False,1.0,6,1.5,True,0.5683991683991684,0.5064531415897334,0.34825122314263157,0.45579961140538483
row,False,1.0,6,2.0,False,0.5538461538461539,0.4939000674070743,0.3200532855142422,0.4434584228751046
row,False,1.0,6,2.0,True,0.5546777546777547,0.48981986903914265,0.32409094075833067,0.44014937959655825
row,False,1.0,8,0.2,False,0.6103950103950104,0.5973189102493236,0.44335780711964223,0.5368403170250476
row,False,1.0,8,0.2,True,0.6103950103950104,0.5973189102493236,0.44335780711964223,0.5368403170250476
row,False,1.0,8,0.5,False,0.6103950103950104,0.5973189102493236,0.44335780711964223,0.5368403170250476
row,False,1.0,8,0.5,True,0.6103950103950104,0.5961554627367724,0.44293682079072955,0.5376808685837277
row,False,1.0,8,0.8,False,0.6066528066528066,0.5697212109342547,0.4222056733634688,0.5309684549156047
row,False,1.0,8,0.8,True,0.6020790020790021,0.5717787359889797,0.4210158443683615,0.5299716807384712
row,False,1.0,8,1.0,False,0.5945945945945946,0.5444697031792097,0.3940262699217839,0.5138927045717911
row,False,1.0,8,1.0,True,0.59002079002079,0.5374824961451661,0.39121784326984277,0.5102232239178416
row,False,1.0,8,1.2,False,0.5738045738045738,0.5150145119054423,0.3516132051169456,0.458676455986758
row,False,1.0,8,1.2,True,0.5717255717255717,0.5089367370437456,0.35495028589232974,0.460220059652341
row,False,1.0,8,1.5,False,0.5546777546777547,0.4949984621942144,0.31561282991859124,0.44381595490771936
row,False,1.0,8,1.5,True,0.5571725571725572,0.4917884737195238,0.3211073712972178,0.4414068797565178
row,False,1.0,8,2.0,False,0.5343035343035343,0.4751902958413022,0.2783528793755466,0.4261364064279378
row,False,1.0,8,2.0,True,0.5334719334719334,0.4648954882135735,0.2877453165457141,0.42034211290424667
row,False,1.0,10,0.2,False,0.6103950103950104,0.5973189102493236,0.44335780711964223,0.5368403170250476
row,False,1.0,10,0.2,True,0.6103950103950104,0.5973189102493236,0.44335780711964223,0.5368403170250476
row,False,1.0,10,0.5,False,0.6103950103950104,0.5973189102493236,0.44335780711964223,0.5368403170250476
row,False,1.0,10,0.5,True,0.6103950103950104,0.5961554627367724,0.44293682079072955,0.5376808685837277
row,False,1.0,10,0.8,False,0.6033264033264033,0.5642831487526921,0.41537621761700266,0.5283177372755221
row,False,1.0,10,0.8,True,0.6024948024948025,0.5706593227045833,0.4209436692225909,0.5303911306368713
row,False,1.0,10,1.0,False,0.5912681912681913,0.5374974198388193,0.38448159451240177,0.5094675487365395
row,False,1.0,10,1.0,True,0.5891891891891892,0.5320595779613058,0.38650079111861024,0.506842109719874
row,False,1.0,10,1.2,False,0.5638253638253639,0.50506020759698,0.33247419673227985,0.4483339068996772
row,False,1.0,10,1.2,True,0.5654885654885655,0.5010844903528885,0.3354750521813795,0.44867205384213066
row,False,1.0,10,1.5,False,0.5301455301455301,0.47377179796453583,0.26975543537914076,0.4231186398386432
row,False,1.0,10,1.5,True,0.5305613305613306,0.4622629986691077,0.27887828579845064,0.41722015416639385
row,False,1.0,10,2.0,False,0.5085239085239085,0.4554329698774385,0.24232705605912636,0.39996205143848507
row,False,1.0,10,2.0,True,0.5118503118503118,0.44727478637794077,0.2535813706232288,0.399764290155678
row,False,1.0,12,0.2,False,0.6103950103950104,0.5973189102493236,0.44335780711964223,0.5368403170250476
row,False,1.0,12,0.2,True,0.6103950103950104,0.5973189102493236,0.44335780711964223,0.5368403170250476
row,False,1.0,12,0.5,False,0.6103950103950104,0.5973189102493236,0.44335780711964223,0.5368403170250476
row,False,1.0,12,0.5,True,0.6103950103950104,0.5961554627367724,0.44293682079072955,0.5376808685837277
row,False,1.0,12,0.8,False,0.6041580041580041,0.5647770049634006,0.4160817295868041,0.5287151403140086
row,False,1.0,12,0.8,True,0.6024948024948025,0.5701897135498685,0.42029555805648366,0.5303853273183414
row,False,1.0,12,1.0,False,0.5871101871101871,0.5315647581488515,0.3746474609626631,0.474069616834652
row,False,1.0,12,1.0,True,0.5846153846153846,0.525066275515814,0.376679858279399,0.4737573568087238
row,False,1.0,12,1.2,False,0.5546777546777547,0.49219751698057584,0.30715127584208396,0.44008548784454316
row,False,1.0,12,1.2,True,0.5555093555093555,0.49029407832710226,0.3136555663091178,0.4381511768931404
row,False,1.0,12,1.5,False,0.5076923076923077,0.4551885861271574,0.23915796241617018,0.3991952292578127
row,False,1.0,12,1.5,True,0.508939708939709,0.44499077609868043,0.24990423402186138,0.3978746874959336
row,False,1.0,12,2.0,False,0.4893970893970894,0.4407370504297395,0.22010908183467562,0.3784849079142016
row,False,1.0,12,2.0,True,0.4856548856548857,0.4280064989326983,0.22754809978351564,0.3756005421060378
row,False,1.0,16,0.2,False,0.6103950103950104,0.5973189102493236,0.44335780711964223,0.5368403170250476
row,False,1.0,16,0.2,True,0.6103950103950104,0.5973189102493236,0.44335780711964223,0.5368403170250476
row,False,1.0,16,0.5,False,0.6103950103950104,0.5973189102493236,0.44335780711964223,0.5368403170250476
row,False,1.0,16,0.5,True,0.6103950103950104,0.5961554627367724,0.44293682079072955,0.5376808685837277
row,False,1.0,16,0.8,False,0.604989604989605,0.5642611097165432,0.4163703870419608,0.5286843550848149
row,False,1.0,16,0.8,True,0.6054054054054054,0.570830025414521,0.42257166424555864,0.5320605611402904
row,False,1.0,16,1.0,False,0.5817047817047817,0.5237509659786826,0.35972290376096305,0.4686989128797914
row,False,1.0,16,1.0,True,0.58004158004158,0.5184733608576502,0.36162356083056973,0.466721809839654
row,False,1.0,16,1.2,False,0.5106029106029106,0.46167433665676066,0.24095766939735314,0.40264562543445653
row,False,1.0,16,1.2,True,0.5222453222453223,0.456268681047812,0.2595431215967911,0.4053107557800446
row,False,1.0,16,1.5,False,0.4731808731808732,0.43259112500680164,0.2012778043617993,0.36065524522233944
row,False,1.0,16,1.5,True,0.4594594594594595,0.413296404077586,0.20572720604885716,0.35311249800635003
row,False,1.0,16,2.0,False,0.46694386694386697,0.4172282407404912,0.18965412879280152,0.3536283849699936
row,False,1.0,16,2.0,True,0.4594594594594595,0.4039907695807823,0.19845622032280613,0.33758679339268144
row,False,1.0,20,0.2,False,0.6103950103950104,0.5973189102493236,0.44335780711964223,0.5368403170250476
row,False,1.0,20,0.2,True,0.6103950103950104,0.5973189102493236,0.44335780711964223,0.5368403170250476
row,False,1.0,20,0.5,False,0.6103950103950104,0.5973189102493236,0.44335780711964223,0.5368403170250476
row,False,1.0,20,0.5,True,0.6103950103950104,0.5961554627367724,0.44293682079072955,0.5376808685837277
row,False,1.0,20,0.8,False,0.604989604989605,0.5641439512659073,0.4161951130564976,0.5286817462665971
row,False,1.0,20,0.8,True,0.6054054054054054,0.5697732730926908,0.4219340643874626,0.5318553988591976
row,False,1.0,20,1.0,False,0.5746361746361747,0.5159220360768758,0.3461527289067755,0.45844725013374366
row,False,1.0,20,1.0,True,0.5758835758835759,0.5134199820587378,0.35098419235682743,0.4600770807863841
row,False,1.0,20,1.2,False,0.47900207900207903,0.4385994373205615,0.20477192479479697,0.3700942957059564
row,False,1.0,20,1.2,True,0.4702702702702703,0.42637856018984704,0.21263817707232668,0.3604677032101418
row,False,1.0,20,1.5,False,0.46112266112266115,0.40696675138340177,0.17500845307257348,0.3446079132437174
row,False,1.0,20,1.5,True,0.4565488565488566,0.3963503598791024,0.1887644165254224,0.33593581300018854
row,False,1.0,20,2.0,False,0.4490644490644491,0.40135720415003495,0.16486309081706563,0.3372623366669101
row,False,1.0,20,2.0,True,0.4498960498960499,0.3877188096758748,0.18311069443335284,0.32934146484671567
row,False,1.0,24,0.2,False,0.6103950103950104,0.5973189102493236,0.44335780711964223,0.5368403170250476
row,False,1.0,24,0.2,True,0.6103950103950104,0.5973189102493236,0.44335780711964223,0.5368403170250476
row,False,1.0,24,0.5,False,0.6103950103950104,0.5973189102493236,0.44335780711964223,0.5368403170250476
row,False,1.0,24,0.5,True,0.6103950103950104,0.5961554627367724,0.44293682079072955,0.5376808685837277
row,False,1.0,24,0.8,False,0.604989604989605,0.5641439512659073,0.4161951130564976,0.5286817462665971
row,False,1.0,24,0.8,True,0.6054054054054054,0.5697090341260032,0.42183645679774184,0.5318444897655255
row,False,1.0,24,1.0,False,0.5663201663201664,0.505940465383033,0.32573323127269094,0.4498305044305395
row,False,1.0,24,1.0,True,0.5708939708939709,0.5061258747699976,0.3356157251628927,0.45641527587295744
row,False,1.0,24,1.2,False,0.4677754677754678,0.4170213863847181,0.17916474440227756,0.35023670321318157
row,False,1.0,24,1.2,True,0.4656964656964657,0.4047547587712425,0.19488074291496332,0.3414857833873819
row,False,1.0,24,1.5,False,0.43243243243243246,0.38829384713380866,0.1487422239099803,0.336431949048374
row,False,1.0,24,1.5,True,0.44573804573804576,0.3767539944584035,0.17866032087762782,0.3214711377837236
row,False,1.0,24,2.0,False,0.4203742203742204,0.37988096732015963,0.13637555620977174,0.32963845338165493
row,False,1.0,24,2.0,True,0.43700623700623703,0.36946144412555276,0.17135936839125768,0.3178643865088937
row,False,1.0,32,0.2,False,0.6103950103950104,0.5973189102493236,0.44335780711964223,0.5368403170250476
row,False,1.0,32,0.2,True,0.6103950103950104,0.5973189102493236,0.44335780711964223,0.5368403170250476
row,False,1.0,32,0.5,False,0.6103950103950104,0.5973189102493236,0.44335780711964223,0.5368403170250476
row,False,1.0,32,0.5,True,0.6103950103950104,0.5961554627367724,0.44293682079072955,0.5376808685837277
row,False,1.0,32,0.8,False,0.604989604989605,0.5641439512659073,0.4161951130564976,0.5286817462665971
row,False,1.0,32,0.8,True,0.6054054054054054,0.5697090341260032,0.42183645679774184,0.5318444897655255
row,False,1.0,32,1.0,False,0.5542619542619542,0.4960010303106347,0.2963354383271462,0.43911122510676537
row,False,1.0,32,1.0,True,0.5600831600831601,0.49534045336030413,0.309623558862828,0.4425163068602054
row,False,1.0,32,1.2,False,0.4041580041580042,0.37006358401867634,0.11830295676729911,0.3146942362859208
row,False,1.0,32,1.2,True,0.4237006237006237,0.35259509027672564,0.15712757084556428,0.30914615154941216
row,False,1.0,32,1.5,False,0.3625779625779626,0.33971340888542184,0.08330868809570358,0.2710549266767701
row,False,1.0,32,1.5,True,0.3837837837837838,0.3212722122111462,0.11331806323195759,0.27748579272606055
row,False,1.0,32,2.0,False,0.3488565488565489,0.32751183866095623,0.07459196438858605,0.2606864393959921
row,False,1.0,32,2.0,True,0.3750519750519751,0.30966822619286405,0.10309800768724182,0.2711671865855105
